ID,CEMETERY,SEX,AGE
BA84_2573,Medieval-Bermondsey Abbey,MALE,ADULT 36-45 YEARS
BA84_2594,Medieval-Bermondsey Abbey,MALE,ADULT >46 YEARS
BA84_2640,Medieval-Bermondsey Abbey,MALE,ADULT >46 YEARS
BA84_2643,Medieval-Bermondsey Abbey,MALE,ADULT 18-25 YEARS
BA84_2659,Medieval-Bermondsey Abbey,MALE,ADULT 36-45 YEARS
BA84_2669,Medieval-Bermondsey Abbey,MALE,ADULT 36-45 YEARS
BA84_2692,Medieval-Bermondsey Abbey,MALE,ADULT 36-45 YEARS
BA84_2695,Medieval-Bermondsey Abbey,MALE,ADULT 26-35 YEARS
BA84_2698,Medieval-Bermondsey Abbey,MALE,ADULT 26-35 YEARS
BA84_2701,Medieval-Bermondsey Abbey,MALE,ADULT >46 YEARS
BA84_2722,Medieval-Bermondsey Abbey,MALE,ADULT 18-25 YEARS
BA84_2725,Medieval-Bermondsey Abbey,MALE,UNCLASSIFIED ADULT
BA84_2743,Medieval-Bermondsey Abbey,MALE,ADULT 18-25 YEARS
BA84_2753,Medieval-Bermondsey Abbey,MALE,ADULT 36-45 YEARS
BA84_2758,Medieval-Bermondsey Abbey,MALE,ADULT 18-25 YEARS
BA84_2762,Medieval-Bermondsey Abbey,MALE,ADULT >46 YEARS
BA84_2765,Medieval-Bermondsey Abbey,MALE,ADULT 26-35 YEARS
BA84_2801,Medieval-Bermondsey Abbey,MALE,ADULT 36-45 YEARS
BA84_2812,Medieval-Bermondsey Abbey,MALE,ADULT 36-45 YEARS
BA84_2815,Medieval-Bermondsey Abbey,MALE,ADULT 36-45 YEARS
BA84_2828,Medieval-Bermondsey Abbey,MALE,ADULT >46 YEARS
BA84_2844,Medieval-Bermondsey Abbey,MALE,ADULT 18-25 YEARS
BA84_2849,Medieval-Bermondsey Abbey,MALE,UNCLASSIFIED ADULT
BA84_2852,Medieval-Bermondsey Abbey,MALE,ADULT 36-45 YEARS
BA84_2854,Medieval-Bermondsey Abbey,MALE,ADULT 26-35 YEARS
BA84_2858,Medieval-Bermondsey Abbey,MALE,ADULT 18-25 YEARS
BA84_2861,Medieval-Bermondsey Abbey,MALE,ADULT 36-45 YEARS
BA84_2865,Medieval-Bermondsey Abbey,MALE,ADULT 36-45 YEARS
BA84_2871,Medieval-Bermondsey Abbey,MALE,ADULT >46 YEARS
BA84_2876,Medieval-Bermondsey Abbey,MALE,ADULT >46 YEARS
BA84_2888,Medieval-Bermondsey Abbey,MALE,ADULT >46 YEARS
BA84_2929,Medieval-Bermondsey Abbey,MALE,ADULT >46 YEARS
BA84_2959,Medieval-Bermondsey Abbey,MALE,ADULT 36-45 YEARS
BA84_2964,Medieval-Bermondsey Abbey,MALE,ADULT >46 YEARS
BA84_2967,Medieval-Bermondsey Abbey,MALE,ADULT 26-35 YEARS
BA84_3005,Medieval-Bermondsey Abbey,MALE,UNCLASSIFIED ADULT
BA84_3025,Medieval-Bermondsey Abbey,MALE,ADULT 26-35 YEARS
BA84_3031,Medieval-Bermondsey Abbey,MALE,ADULT >46 YEARS
BA84_3048,Medieval-Bermondsey Abbey,MALE,ADULT >46 YEARS
BA84_3079,Medieval-Bermondsey Abbey,MALE,ADULT >46 YEARS
BA84_3093,Medieval-Bermondsey Abbey,MALE,ADULT 36-45 YEARS
BA84_3096,Medieval-Bermondsey Abbey,MALE,ADULT 18-25 YEARS
BA84_3104,Medieval-Bermondsey Abbey,MALE,ADULT >46 YEARS
BA84_3127,Medieval-Bermondsey Abbey,MALE,ADULT >46 YEARS
BA84_3146,Medieval-Bermondsey Abbey,MALE,ADULT >46 YEARS
BA84_3157,Medieval-Bermondsey Abbey,MALE,ADULT 18-25 YEARS
BA84_3170,Medieval-Bermondsey Abbey,MALE,ADULT 26-35 YEARS
BA84_3175,Medieval-Bermondsey Abbey,MALE,ADULT 36-45 YEARS
BA84_3178,Medieval-Bermondsey Abbey,MALE,ADULT 26-35 YEARS
BA84_3184,Medieval-Bermondsey Abbey,MALE,ADULT 18-25 YEARS
BA84_3187,Medieval-Bermondsey Abbey,MALE,ADULT 36-45 YEARS
BA84_3190,Medieval-Bermondsey Abbey,MALE,UNCLASSIFIED ADULT
BA84_3200,Medieval-Bermondsey Abbey,MALE,ADULT 26-35 YEARS
BA84_3217,Medieval-Bermondsey Abbey,MALE?,UNCLASSIFIED ADULT
BA84_3220,Medieval-Bermondsey Abbey,MALE,ADULT 18-25 YEARS
BA84_3223,Medieval-Bermondsey Abbey,MALE,ADULT 26-35 YEARS
BA84_3231,Medieval-Bermondsey Abbey,MALE,ADULT 26-35 YEARS
BA84_3236,Medieval-Bermondsey Abbey,MALE,ADULT 18-25 YEARS
BA84_3242,Medieval-Bermondsey Abbey,MALE,ADULT >46 YEARS
BA84_3245,Medieval-Bermondsey Abbey,MALE,ADULT 26-35 YEARS
BA84_3251,Medieval-Bermondsey Abbey,MALE,ADULT 36-45 YEARS
BA84_3256,Medieval-Bermondsey Abbey,MALE,ADULT 36-45 YEARS
BA84_3259,Medieval-Bermondsey Abbey,MALE,ADULT 36-45 YEARS
BA84_3262,Medieval-Bermondsey Abbey,MALE,ADULT 36-45 YEARS
BA84_3268,Medieval-Bermondsey Abbey,MALE,ADULT >46 YEARS
BA84_3274,Medieval-Bermondsey Abbey,MALE,ADULT >46 YEARS
BA84_3290,Medieval-Bermondsey Abbey,MALE,ADULT 26-35 YEARS
BA84_3312,Medieval-Bermondsey Abbey,MALE,ADULT 26-35 YEARS
BA84_3342,Medieval-Bermondsey Abbey,MALE,ADULT >46 YEARS
BA84_3400,Medieval-Bermondsey Abbey,MALE,ADULT 26-35 YEARS
BA84_3442,Medieval-Bermondsey Abbey,MALE,ADULT 26-35 YEARS
BA84_3487,Medieval-Bermondsey Abbey,MALE,ADULT 26-35 YEARS
BA84_3490,Medieval-Bermondsey Abbey,MALE,ADULT >46 YEARS
BA84_3501,Medieval-Bermondsey Abbey,MALE,ADULT 36-45 YEARS
BA84_3512,Medieval-Bermondsey Abbey,MALE,ADULT >46 YEARS
BA84_3515,Medieval-Bermondsey Abbey,MALE,ADULT 36-45 YEARS
BA84_3531,Medieval-Bermondsey Abbey,MALE,ADULT 36-45 YEARS
BA84_3534,Medieval-Bermondsey Abbey,MALE,ADULT >46 YEARS
BA84_3538,Medieval-Bermondsey Abbey,MALE,ADULT 36-45 YEARS
BA84_3541,Medieval-Bermondsey Abbey,MALE,ADULT 36-45 YEARS
BA84_3555,Medieval-Bermondsey Abbey,MALE,ADULT 26-35 YEARS
BA84_3558,Medieval-Bermondsey Abbey,MALE,ADULT >46 YEARS
BA84_3569,Medieval-Bermondsey Abbey,MALE,ADULT >46 YEARS
BA84_3572,Medieval-Bermondsey Abbey,MALE,ADULT 18-25 YEARS
BA84_3575,Medieval-Bermondsey Abbey,MALE,ADULT >46 YEARS
BA84_3602,Medieval-Bermondsey Abbey,MALE,ADULT 36-45 YEARS
BA84_3607,Medieval-Bermondsey Abbey,MALE,ADULT >46 YEARS
BA84_3613,Medieval-Bermondsey Abbey,MALE,ADULT 36-45 YEARS
BA84_3616,Medieval-Bermondsey Abbey,MALE,ADULT 36-45 YEARS
BA84_3632,Medieval-Bermondsey Abbey,MALE,ADULT 36-45 YEARS
BA84_3723,Medieval-Bermondsey Abbey,MALE,ADULT 26-35 YEARS
BA84_3726,Medieval-Bermondsey Abbey,MALE,ADULT 26-35 YEARS
BA84_3729,Medieval-Bermondsey Abbey,MALE,ADULT 26-35 YEARS
BA84_3792,Medieval-Bermondsey Abbey,MALE,ADULT 36-45 YEARS
BA84_3798,Medieval-Bermondsey Abbey,MALE,ADULT >46 YEARS
BA84_3817,Medieval-Bermondsey Abbey,MALE,ADULT 26-35 YEARS
BA84_3823,Medieval-Bermondsey Abbey,MALE?,ADULT >46 YEARS
BA84_3835,Medieval-Bermondsey Abbey,MALE,ADULT >46 YEARS
BA84_3880,Medieval-Bermondsey Abbey,MALE?,ADULT 36-45 YEARS
BA84_3883,Medieval-Bermondsey Abbey,MALE,ADULT 36-45 YEARS
BA84_3886,Medieval-Bermondsey Abbey,MALE,ADULT 18-25 YEARS
BA84_3897,Medieval-Bermondsey Abbey,MALE,ADULT >46 YEARS
BA84_3905,Medieval-Bermondsey Abbey,MALE,ADULT 36-45 YEARS
BA84_3914,Medieval-Bermondsey Abbey,MALE,ADULT 26-35 YEARS
BA84_3982,Medieval-Bermondsey Abbey,MALE,UNCLASSIFIED ADULT
BA84_4035,Medieval-Bermondsey Abbey,MALE,ADULT 36-45 YEARS
PIC87_142,Medieval-Dominican Friary Carter Lane,MALE,ADULT 26-35 YEARS
PIC87_170,Medieval-Dominican Friary Carter Lane,FEMALE?,ADULT 18-25 YEARS
PIC87_222,Medieval-Dominican Friary Carter Lane,MALE,ADULT >46 YEARS
PIC87_239,Medieval-Dominican Friary Carter Lane,MALE?,ADULT 18-25 YEARS
PIC87_257,Medieval-Dominican Friary Carter Lane,MALE,ADULT 26-35 YEARS
PIC87_305,Medieval-Dominican Friary Carter Lane,FEMALE,ADULT 36-45 YEARS
PIC87_306,Medieval-Dominican Friary Carter Lane,MALE,ADULT 18-25 YEARS
PIC87_331,Medieval-Dominican Friary Carter Lane,MALE,ADULT 36-45 YEARS
PIC87_343,Medieval-Dominican Friary Carter Lane,FEMALE,ADULT 26-35 YEARS
PIC87_345,Medieval-Dominican Friary Carter Lane,FEMALE,ADULT >46 YEARS
PIC87_376,Medieval-Dominican Friary Carter Lane,MALE,ADULT 26-35 YEARS
PIC87_382,Medieval-Dominican Friary Carter Lane,INTERMEDIATE,ADULT 18-25 YEARS
PIC87_405,Medieval-Dominican Friary Carter Lane,INTERMEDIATE,ADULT 26-35 YEARS
PIC87_450,Medieval-Dominican Friary Carter Lane,MALE,ADULT 26-35 YEARS
MIN86_5257,Medieval-East Smithfield Black death,UNDETERMINABLE,ADULT 26-35 YEARS
MIN86_5261,Medieval-East Smithfield Black death,MALE,ADULT 36-45 YEARS
MIN86_5263,Medieval-East Smithfield Black death,UNDETERMINABLE,ADULT 26-35 YEARS
MIN86_5271,Medieval-East Smithfield Black death,INTERMEDIATE,ADULT 36-45 YEARS
MIN86_5272,Medieval-East Smithfield Black death,MALE,ADULT >46 YEARS
MIN86_5274,Medieval-East Smithfield Black death,MALE?,ADULT 26-35 YEARS
MIN86_5275,Medieval-East Smithfield Black death,FEMALE?,ADULT 36-45 YEARS
MIN86_5280,Medieval-East Smithfield Black death,FEMALE,ADULT 26-35 YEARS
MIN86_5281,Medieval-East Smithfield Black death,MALE,ADULT 26-35 YEARS
MIN86_5282,Medieval-East Smithfield Black death,INTERMEDIATE,ADULT 36-45 YEARS
MIN86_5283,Medieval-East Smithfield Black death,FEMALE,ADULT 26-35 YEARS
MIN86_5284,Medieval-East Smithfield Black death,MALE,ADULT 26-35 YEARS
MIN86_5285,Medieval-East Smithfield Black death,MALE,ADULT 36-45 YEARS
MIN86_5291,Medieval-East Smithfield Black death,MALE,ADULT 26-35 YEARS
MIN86_5292,Medieval-East Smithfield Black death,UNDETERMINABLE,ADULT 18-25 YEARS
MIN86_5326,Medieval-East Smithfield Black death,FEMALE,ADULT 36-45 YEARS
MIN86_5344,Medieval-East Smithfield Black death,MALE?,ADULT 18-25 YEARS
MIN86_5728,Medieval-East Smithfield Black death,MALE,ADULT 36-45 YEARS
MIN86_5741,Medieval-East Smithfield Black death,FEMALE,ADULT 36-45 YEARS
MIN86_5779,Medieval-East Smithfield Black death,MALE,ADULT 26-35 YEARS
MIN86_5802,Medieval-East Smithfield Black death,FEMALE?,ADULT 26-35 YEARS
MIN86_5805,Medieval-East Smithfield Black death,UNDETERMINABLE,UNCLASSIFIED ADULT
MIN86_5812,Medieval-East Smithfield Black death,FEMALE?,ADULT 18-25 YEARS
MIN86_5858,Medieval-East Smithfield Black death,MALE,ADULT 26-35 YEARS
MIN86_5859,Medieval-East Smithfield Black death,FEMALE,ADULT 36-45 YEARS
MIN86_5860,Medieval-East Smithfield Black death,MALE,ADULT 26-35 YEARS
MIN86_5861,Medieval-East Smithfield Black death,INTERMEDIATE,ADULT 18-25 YEARS
MIN86_5862,Medieval-East Smithfield Black death,MALE,ADULT 18-25 YEARS
MIN86_5916,Medieval-East Smithfield Black death,UNDETERMINABLE,UNCLASSIFIED ADULT
MIN86_5940,Medieval-East Smithfield Black death,MALE,ADULT 26-35 YEARS
MIN86_5960,Medieval-East Smithfield Black death,MALE,ADULT 36-45 YEARS
MIN86_6102,Medieval-East Smithfield Black death,FEMALE,ADULT >46 YEARS
MIN86_6108,Medieval-East Smithfield Black death,UNDETERMINABLE,ADULT 18-25 YEARS
MIN86_6120,Medieval-East Smithfield Black death,FEMALE?,ADULT 26-35 YEARS
MIN86_6158,Medieval-East Smithfield Black death,MALE?,ADULT 26-35 YEARS
MIN86_6196,Medieval-East Smithfield Black death,MALE,UNCLASSIFIED ADULT
MIN86_6228,Medieval-East Smithfield Black death,MALE?,ADULT 36-45 YEARS
MIN86_6287,Medieval-East Smithfield Black death,MALE,ADULT 18-25 YEARS
MIN86_6313,Medieval-East Smithfield Black death,MALE,UNCLASSIFIED ADULT
MIN86_6368,Medieval-East Smithfield Black death,FEMALE?,ADULT 18-25 YEARS
MIN86_6383,Medieval-East Smithfield Black death,FEMALE,ADULT 26-35 YEARS
MIN86_6393,Medieval-East Smithfield Black death,MALE,ADULT 18-25 YEARS
MIN86_6405,Medieval-East Smithfield Black death,MALE,ADULT 26-35 YEARS
MIN86_6409,Medieval-East Smithfield Black death,MALE?,ADULT 26-35 YEARS
MIN86_6415,Medieval-East Smithfield Black death,MALE,ADULT 26-35 YEARS
MIN86_6418,Medieval-East Smithfield Black death,FEMALE,ADULT 26-35 YEARS
MIN86_6431,Medieval-East Smithfield Black death,MALE,ADULT 26-35 YEARS
MIN86_6441,Medieval-East Smithfield Black death,MALE,ADULT 26-35 YEARS
MIN86_6443,Medieval-East Smithfield Black death,MALE,UNCLASSIFIED ADULT
MIN86_6452,Medieval-East Smithfield Black death,FEMALE,ADULT >46 YEARS
MIN86_6481,Medieval-East Smithfield Black death,MALE?,ADULT 26-35 YEARS
MIN86_6483,Medieval-East Smithfield Black death,INTERMEDIATE,ADULT 26-35 YEARS
MIN86_6499,Medieval-East Smithfield Black death,FEMALE?,ADULT 18-25 YEARS
MIN86_6512,Medieval-East Smithfield Black death,MALE,ADULT 36-45 YEARS
MIN86_6532,Medieval-East Smithfield Black death,FEMALE,ADULT 26-35 YEARS
MIN86_6539,Medieval-East Smithfield Black death,INTERMEDIATE,UNCLASSIFIED ADULT
MIN86_6545,Medieval-East Smithfield Black death,MALE,ADULT 36-45 YEARS
MIN86_6549,Medieval-East Smithfield Black death,FEMALE,ADULT 18-25 YEARS
MIN86_6612,Medieval-East Smithfield Black death,MALE?,ADULT 36-45 YEARS
MIN86_6625,Medieval-East Smithfield Black death,MALE?,ADULT 18-25 YEARS
MIN86_6628,Medieval-East Smithfield Black death,FEMALE?,UNCLASSIFIED ADULT
MIN86_6644,Medieval-East Smithfield Black death,FEMALE,ADULT 26-35 YEARS
MIN86_6653,Medieval-East Smithfield Black death,MALE?,ADULT 18-25 YEARS
MIN86_6654,Medieval-East Smithfield Black death,INTERMEDIATE,ADULT 18-25 YEARS
MIN86_6665,Medieval-East Smithfield Black death,MALE?,ADULT 26-35 YEARS
MIN86_7055,Medieval-East Smithfield Black death,MALE?,ADULT 26-35 YEARS
MIN86_7064,Medieval-East Smithfield Black death,MALE,ADULT 26-35 YEARS
MIN86_7065,Medieval-East Smithfield Black death,MALE,ADULT 36-45 YEARS
MIN86_7079,Medieval-East Smithfield Black death,MALE,UNCLASSIFIED ADULT
MIN86_7089,Medieval-East Smithfield Black death,MALE?,ADULT 18-25 YEARS
MIN86_7094,Medieval-East Smithfield Black death,MALE,ADULT 18-25 YEARS
MIN86_7147,Medieval-East Smithfield Black death,INTERMEDIATE,ADULT 26-35 YEARS
MIN86_7156,Medieval-East Smithfield Black death,MALE,ADULT 26-35 YEARS
MIN86_7159,Medieval-East Smithfield Black death,UNDETERMINABLE,ADULT 18-25 YEARS
MIN86_7163,Medieval-East Smithfield Black death,FEMALE,ADULT 36-45 YEARS
MIN86_7248,Medieval-East Smithfield Black death,MALE?,ADULT 18-25 YEARS
MIN86_7258,Medieval-East Smithfield Black death,MALE,ADULT 26-35 YEARS
MIN86_7307,Medieval-East Smithfield Black death,FEMALE,ADULT 18-25 YEARS
MIN86_7332,Medieval-East Smithfield Black death,MALE?,ADULT 18-25 YEARS
MIN86_7363,Medieval-East Smithfield Black death,MALE,UNCLASSIFIED ADULT
MIN86_7366,Medieval-East Smithfield Black death,MALE,ADULT 26-35 YEARS
MIN86_7375,Medieval-East Smithfield Black death,MALE,ADULT 26-35 YEARS
MIN86_7381,Medieval-East Smithfield Black death,FEMALE,ADULT 36-45 YEARS
MIN86_7432,Medieval-East Smithfield Black death,MALE,ADULT >46 YEARS
MIN86_7447,Medieval-East Smithfield Black death,MALE,ADULT 26-35 YEARS
MIN86_8041,Medieval-East Smithfield Black death,FEMALE,ADULT 36-45 YEARS
MIN86_8075,Medieval-East Smithfield Black death,FEMALE,ADULT 26-35 YEARS
MIN86_8082,Medieval-East Smithfield Black death,MALE,ADULT 36-45 YEARS
MIN86_8126,Medieval-East Smithfield Black death,UNDETERMINABLE,ADULT 18-25 YEARS
MIN86_8161,Medieval-East Smithfield Black death,INTERMEDIATE,ADULT 26-35 YEARS
MIN86_8235,Medieval-East Smithfield Black death,MALE,ADULT 36-45 YEARS
MIN86_8257,Medieval-East Smithfield Black death,MALE,ADULT 26-35 YEARS
MIN86_8266,Medieval-East Smithfield Black death,FEMALE,ADULT 26-35 YEARS
MIN86_8277,Medieval-East Smithfield Black death,MALE,ADULT 18-25 YEARS
MIN86_8291,Medieval-East Smithfield Black death,MALE?,ADULT 18-25 YEARS
MIN86_8293,Medieval-East Smithfield Black death,MALE?,ADULT 18-25 YEARS
MIN86_8299,Medieval-East Smithfield Black death,MALE,ADULT 18-25 YEARS
MIN86_8305,Medieval-East Smithfield Black death,MALE,ADULT 36-45 YEARS
MIN86_8341,Medieval-East Smithfield Black death,MALE,ADULT 36-45 YEARS
MIN86_8360,Medieval-East Smithfield Black death,FEMALE,ADULT 36-45 YEARS
MIN86_8380,Medieval-East Smithfield Black death,MALE,ADULT 26-35 YEARS
MIN86_8392,Medieval-East Smithfield Black death,MALE?,ADULT 26-35 YEARS
MIN86_8393,Medieval-East Smithfield Black death,MALE?,ADULT >46 YEARS
MIN86_8414,Medieval-East Smithfield Black death,MALE?,ADULT 26-35 YEARS
MIN86_8427,Medieval-East Smithfield Black death,FEMALE,ADULT 26-35 YEARS
MIN86_8456,Medieval-East Smithfield Black death,MALE,ADULT 18-25 YEARS
MIN86_8489,Medieval-East Smithfield Black death,MALE,ADULT 18-25 YEARS
MIN86_9008,Medieval-East Smithfield Black death,UNDETERMINABLE,ADULT 18-25 YEARS
MIN86_9032,Medieval-East Smithfield Black death,UNDETERMINABLE,UNCLASSIFIED ADULT
MIN86_9066,Medieval-East Smithfield Black death,INTERMEDIATE,ADULT 26-35 YEARS
MIN86_9517,Medieval-East Smithfield Black death,MALE,ADULT 26-35 YEARS
MIN86_9522,Medieval-East Smithfield Black death,INTERMEDIATE,ADULT 36-45 YEARS
MIN86_9525,Medieval-East Smithfield Black death,FEMALE,ADULT 36-45 YEARS
MIN86_9540,Medieval-East Smithfield Black death,MALE,ADULT 36-45 YEARS
MIN86_9545,Medieval-East Smithfield Black death,FEMALE?,UNCLASSIFIED ADULT
MIN86_9585,Medieval-East Smithfield Black death,INTERMEDIATE,ADULT 18-25 YEARS
MIN86_9702,Medieval-East Smithfield Black death,FEMALE?,ADULT 36-45 YEARS
MIN86_9707,Medieval-East Smithfield Black death,UNDETERMINABLE,ADULT 18-25 YEARS
MIN86_9710,Medieval-East Smithfield Black death,MALE?,ADULT 26-35 YEARS
MIN86_9731,Medieval-East Smithfield Black death,MALE,ADULT 36-45 YEARS
MIN86_9741,Medieval-East Smithfield Black death,MALE,ADULT 18-25 YEARS
MIN86_9782,Medieval-East Smithfield Black death,FEMALE,ADULT 26-35 YEARS
MIN86_9807,Medieval-East Smithfield Black death,FEMALE,ADULT 36-45 YEARS
MIN86_9853,Medieval-East Smithfield Black death,MALE?,ADULT 26-35 YEARS
MIN86_9856,Medieval-East Smithfield Black death,MALE,ADULT 36-45 YEARS
MIN86_9910,Medieval-East Smithfield Black death,MALE,ADULT 18-25 YEARS
MIN86_9939,Medieval-East Smithfield Black death,FEMALE?,ADULT 18-25 YEARS
MIN86_11016,Medieval-East Smithfield Black death,MALE,UNCLASSIFIED ADULT
MIN86_11028,Medieval-East Smithfield Black death,MALE?,ADULT 26-35 YEARS
MIN86_11053,Medieval-East Smithfield Black death,MALE,ADULT 26-35 YEARS
MIN86_11109,Medieval-East Smithfield Black death,FEMALE,ADULT 18-25 YEARS
MIN86_11110,Medieval-East Smithfield Black death,MALE,ADULT 36-45 YEARS
MIN86_11111,Medieval-East Smithfield Black death,FEMALE?,ADULT 36-45 YEARS
MIN86_11112,Medieval-East Smithfield Black death,MALE,ADULT 18-25 YEARS
MIN86_11115,Medieval-East Smithfield Black death,MALE,ADULT 36-45 YEARS
MIN86_11117,Medieval-East Smithfield Black death,MALE,ADULT 36-45 YEARS
MIN86_11118,Medieval-East Smithfield Black death,MALE,ADULT 36-45 YEARS
MIN86_11124,Medieval-East Smithfield Black death,MALE,ADULT 36-45 YEARS
MIN86_11193,Medieval-East Smithfield Black death,MALE,ADULT >46 YEARS
MIN86_11232,Medieval-East Smithfield Black death,MALE?,ADULT 36-45 YEARS
MIN86_11234,Medieval-East Smithfield Black death,MALE?,ADULT 26-35 YEARS
MIN86_11244,Medieval-East Smithfield Black death,FEMALE,ADULT 18-25 YEARS
MIN86_11310,Medieval-East Smithfield Black death,MALE?,ADULT 26-35 YEARS
MIN86_11426,Medieval-East Smithfield Black death,MALE,ADULT 26-35 YEARS
MIN86_11428,Medieval-East Smithfield Black death,MALE,ADULT 36-45 YEARS
MIN86_11430,Medieval-East Smithfield Black death,FEMALE,ADULT 36-45 YEARS
MIN86_11431,Medieval-East Smithfield Black death,FEMALE,ADULT 26-35 YEARS
MIN86_11432,Medieval-East Smithfield Black death,MALE,ADULT 18-25 YEARS
MIN86_11433,Medieval-East Smithfield Black death,MALE?,UNCLASSIFIED ADULT
MIN86_11449,Medieval-East Smithfield Black death,MALE?,ADULT 36-45 YEARS
MIN86_11480,Medieval-East Smithfield Black death,FEMALE,ADULT 26-35 YEARS
MIN86_11604,Medieval-East Smithfield Black death,FEMALE?,ADULT 26-35 YEARS
MIN86_11625,Medieval-East Smithfield Black death,MALE,ADULT 36-45 YEARS
MIN86_11627,Medieval-East Smithfield Black death,MALE,ADULT 18-25 YEARS
MIN86_11628,Medieval-East Smithfield Black death,MALE,ADULT >46 YEARS
MIN86_11737,Medieval-East Smithfield Black death,MALE,ADULT 26-35 YEARS
MIN86_11740,Medieval-East Smithfield Black death,MALE?,ADULT 26-35 YEARS
MIN86_11742,Medieval-East Smithfield Black death,FEMALE?,UNCLASSIFIED ADULT
MIN86_11780,Medieval-East Smithfield Black death,FEMALE,ADULT 26-35 YEARS
MIN86_11784,Medieval-East Smithfield Black death,MALE?,ADULT 18-25 YEARS
MIN86_11911,Medieval-East Smithfield Black death,FEMALE?,ADULT 36-45 YEARS
MIN86_11914,Medieval-East Smithfield Black death,MALE,ADULT 36-45 YEARS
MIN86_11944,Medieval-East Smithfield Black death,MALE,ADULT 36-45 YEARS
MIN86_11951,Medieval-East Smithfield Black death,FEMALE,ADULT 36-45 YEARS
MIN86_11972,Medieval-East Smithfield Black death,FEMALE,ADULT 36-45 YEARS
MIN86_12503,Medieval-East Smithfield Black death,MALE,ADULT 36-45 YEARS
MIN86_12506,Medieval-East Smithfield Black death,MALE,ADULT 36-45 YEARS
MIN86_12523,Medieval-East Smithfield Black death,MALE,ADULT 26-35 YEARS
MIN86_12553,Medieval-East Smithfield Black death,FEMALE,ADULT 36-45 YEARS
MIN86_12566,Medieval-East Smithfield Black death,MALE,ADULT 26-35 YEARS
MIN86_12567,Medieval-East Smithfield Black death,MALE,ADULT >46 YEARS
MIN86_12586,Medieval-East Smithfield Black death,MALE,ADULT 36-45 YEARS
MIN86_12601,Medieval-East Smithfield Black death,FEMALE?,ADULT 36-45 YEARS
MIN86_12632,Medieval-East Smithfield Black death,MALE,ADULT 36-45 YEARS
MIN86_12634,Medieval-East Smithfield Black death,MALE,ADULT 36-45 YEARS
MIN86_12643,Medieval-East Smithfield Black death,FEMALE,ADULT 26-35 YEARS
MIN86_12652,Medieval-East Smithfield Black death,MALE,ADULT 36-45 YEARS
MIN86_12684,Medieval-East Smithfield Black death,MALE,ADULT 18-25 YEARS
MIN86_12690,Medieval-East Smithfield Black death,INTERMEDIATE,ADULT 26-35 YEARS
MIN86_12691,Medieval-East Smithfield Black death,FEMALE,ADULT 36-45 YEARS
MIN86_12700,Medieval-East Smithfield Black death,FEMALE,ADULT 36-45 YEARS
MIN86_12727,Medieval-East Smithfield Black death,FEMALE?,ADULT 26-35 YEARS
MIN86_12748,Medieval-East Smithfield Black death,MALE,ADULT 26-35 YEARS
MIN86_12763,Medieval-East Smithfield Black death,INTERMEDIATE,ADULT 26-35 YEARS
MIN86_12773,Medieval-East Smithfield Black death,FEMALE,ADULT 26-35 YEARS
MIN86_12790,Medieval-East Smithfield Black death,FEMALE,ADULT >46 YEARS
MIN86_12813,Medieval-East Smithfield Black death,MALE,ADULT >46 YEARS
MIN86_12814,Medieval-East Smithfield Black death,FEMALE,ADULT 36-45 YEARS
MIN86_12815,Medieval-East Smithfield Black death,MALE,ADULT 18-25 YEARS
MIN86_12839,Medieval-East Smithfield Black death,FEMALE?,ADULT 18-25 YEARS
MIN86_12884,Medieval-East Smithfield Black death,MALE,ADULT 36-45 YEARS
MIN86_12897,Medieval-East Smithfield Black death,FEMALE?,ADULT 26-35 YEARS
MIN86_12906,Medieval-East Smithfield Black death,MALE?,ADULT 26-35 YEARS
MIN86_20003,Medieval-East Smithfield Black death,MALE,ADULT >46 YEARS
MIN86_20004,Medieval-East Smithfield Black death,FEMALE,UNCLASSIFIED ADULT
GYE92_10650,Medieval-Guildhall Yard,FEMALE,ADULT 26-35 YEARS
GYE92_10656,Medieval-Guildhall Yard,FEMALE,ADULT >46 YEARS
GYE92_10682,Medieval-Guildhall Yard,MALE?,ADULT 18-25 YEARS
GYE92_10688,Medieval-Guildhall Yard,INTERMEDIATE,ADULT 26-35 YEARS
GYE92_10690,Medieval-Guildhall Yard,MALE,ADULT 18-25 YEARS
GYE92_10705,Medieval-Guildhall Yard,FEMALE,ADULT 26-35 YEARS
GYE92_10731,Medieval-Guildhall Yard,FEMALE,ADULT >46 YEARS
GYE92_10734,Medieval-Guildhall Yard,MALE,ADULT 36-45 YEARS
GYE92_10739,Medieval-Guildhall Yard,MALE?,ADULT 36-45 YEARS
GYE92_10774,Medieval-Guildhall Yard,MALE,ADULT 36-45 YEARS
GYE92_10792,Medieval-Guildhall Yard,MALE,ADULT 26-35 YEARS
GYE92_10912,Medieval-Guildhall Yard,FEMALE,ADULT 18-25 YEARS
GYE92_10915,Medieval-Guildhall Yard,MALE?,ADULT 36-45 YEARS
GYE92_10957,Medieval-Guildhall Yard,MALE?,ADULT 26-35 YEARS
GYE92_11692,Medieval-Guildhall Yard,MALE?,UNCLASSIFIED ADULT
GYE92_13017,Medieval-Guildhall Yard,FEMALE,ADULT 18-25 YEARS
GYE92_13056,Medieval-Guildhall Yard,MALE,ADULT 18-25 YEARS
GYE92_13281,Medieval-Guildhall Yard,UNDETERMINABLE,ADULT 36-45 YEARS
GYE92_13287,Medieval-Guildhall Yard,FEMALE?,ADULT >46 YEARS
GYE92_13367,Medieval-Guildhall Yard,FEMALE,ADULT 26-35 YEARS
GYE92_17166,Medieval-Guildhall Yard,MALE,ADULT >46 YEARS
GYE92_20065,Medieval-Guildhall Yard,MALE,ADULT 26-35 YEARS
GYE92_20105,Medieval-Guildhall Yard,MALE,ADULT 36-45 YEARS
GYE92_20109,Medieval-Guildhall Yard,FEMALE,ADULT 26-35 YEARS
GYE92_20113,Medieval-Guildhall Yard,FEMALE?,ADULT >46 YEARS
GYE92_20538,Medieval-Guildhall Yard,MALE,ADULT 26-35 YEARS
GYE92_20543,Medieval-Guildhall Yard,MALE,ADULT 18-25 YEARS
GYE92_20574,Medieval-Guildhall Yard,FEMALE?,ADULT >46 YEARS
GYE92_20623,Medieval-Guildhall Yard,FEMALE?,ADULT 36-45 YEARS
MPY86_325,Medieval-Merton Priory,MALE?,ADULT 26-35 YEARS
MPY86_471,Medieval-Merton Priory,MALE,ADULT 36-45 YEARS
MPY86_539,Medieval-Merton Priory,MALE,UNCLASSIFIED ADULT
MPY86_540,Medieval-Merton Priory,MALE?,UNCLASSIFIED ADULT
MPY86_596,Medieval-Merton Priory,MALE,ADULT >46 YEARS
MPY86_599,Medieval-Merton Priory,MALE?,ADULT >46 YEARS
MPY86_601,Medieval-Merton Priory,MALE,ADULT 36-45 YEARS
MPY86_622,Medieval-Merton Priory,UNDETERMINABLE,ADULT 36-45 YEARS
MPY86_623,Medieval-Merton Priory,MALE?,UNCLASSIFIED ADULT
MPY86_672,Medieval-Merton Priory,MALE?,ADULT 26-35 YEARS
MPY86_716,Medieval-Merton Priory,MALE,ADULT 36-45 YEARS
MPY86_727,Medieval-Merton Priory,MALE,ADULT 36-45 YEARS
MPY86_754,Medieval-Merton Priory,MALE,ADULT 26-35 YEARS
MPY86_771,Medieval-Merton Priory,FEMALE,ADULT 36-45 YEARS
MPY86_787,Medieval-Merton Priory,MALE?,ADULT 26-35 YEARS
MPY86_799,Medieval-Merton Priory,MALE?,ADULT 26-35 YEARS
MPY86_866,Medieval-Merton Priory,MALE,UNCLASSIFIED ADULT
MPY86_873,Medieval-Merton Priory,MALE?,ADULT 18-25 YEARS
MPY86_2096,Medieval-Merton Priory,MALE?,ADULT 26-35 YEARS
MPY86_2102,Medieval-Merton Priory,FEMALE,ADULT 36-45 YEARS
MPY86_2107,Medieval-Merton Priory,MALE,ADULT >46 YEARS
MPY86_2114,Medieval-Merton Priory,MALE,ADULT 26-35 YEARS
MPY86_2115,Medieval-Merton Priory,MALE,ADULT 18-25 YEARS
MPY86_2126,Medieval-Merton Priory,MALE,ADULT 36-45 YEARS
MPY86_2127,Medieval-Merton Priory,MALE,ADULT >46 YEARS
MPY86_2175,Medieval-Merton Priory,MALE,ADULT 36-45 YEARS
MPY86_2181,Medieval-Merton Priory,MALE?,ADULT 26-35 YEARS
MPY86_2353,Medieval-Merton Priory,MALE,UNCLASSIFIED ADULT
MPY86_2355,Medieval-Merton Priory,MALE?,ADULT 26-35 YEARS
MPY86_2376,Medieval-Merton Priory,MALE,ADULT >46 YEARS
MPY86_2379,Medieval-Merton Priory,MALE?,UNCLASSIFIED ADULT
MPY86_2381,Medieval-Merton Priory,MALE,ADULT >46 YEARS
MPY86_2387,Medieval-Merton Priory,MALE,UNCLASSIFIED ADULT
MPY86_2388,Medieval-Merton Priory,MALE?,UNCLASSIFIED ADULT
MPY86_2402,Medieval-Merton Priory,MALE,ADULT 18-25 YEARS
MPY86_2521,Medieval-Merton Priory,MALE,ADULT 36-45 YEARS
MPY86_2531,Medieval-Merton Priory,MALE?,UNCLASSIFIED ADULT
MPY86_2532,Medieval-Merton Priory,MALE?,ADULT 36-45 YEARS
MPY86_2537,Medieval-Merton Priory,MALE,ADULT 36-45 YEARS
MPY86_2539,Medieval-Merton Priory,FEMALE?,ADULT 26-35 YEARS
MPY86_2540,Medieval-Merton Priory,MALE?,ADULT 36-45 YEARS
MPY86_2544,Medieval-Merton Priory,MALE,ADULT 36-45 YEARS
MPY86_2548,Medieval-Merton Priory,MALE,ADULT >46 YEARS
MPY86_2553,Medieval-Merton Priory,MALE,ADULT 36-45 YEARS
MPY86_2554,Medieval-Merton Priory,MALE?,ADULT >46 YEARS
MPY86_2557,Medieval-Merton Priory,MALE,ADULT >46 YEARS
MPY86_2560,Medieval-Merton Priory,MALE?,UNCLASSIFIED ADULT
MPY86_2565,Medieval-Merton Priory,MALE,ADULT 18-25 YEARS
MPY86_2572,Medieval-Merton Priory,MALE,UNCLASSIFIED ADULT
MPY86_2577,Medieval-Merton Priory,MALE?,ADULT 18-25 YEARS
MPY86_2580,Medieval-Merton Priory,MALE,ADULT 36-45 YEARS
MPY86_2584,Medieval-Merton Priory,MALE,ADULT >46 YEARS
MPY86_2589,Medieval-Merton Priory,MALE?,UNCLASSIFIED ADULT
MPY86_2591,Medieval-Merton Priory,MALE,ADULT 26-35 YEARS
MPY86_2593,Medieval-Merton Priory,MALE,ADULT >46 YEARS
MPY86_2595,Medieval-Merton Priory,MALE?,ADULT 26-35 YEARS
MPY86_2597,Medieval-Merton Priory,MALE,ADULT 36-45 YEARS
MPY86_2599,Medieval-Merton Priory,MALE?,ADULT 18-25 YEARS
MPY86_2618,Medieval-Merton Priory,MALE,ADULT 36-45 YEARS
MPY86_2619,Medieval-Merton Priory,MALE,ADULT 26-35 YEARS
MPY86_2621,Medieval-Merton Priory,MALE,ADULT 36-45 YEARS
MPY86_2651,Medieval-Merton Priory,MALE,ADULT 36-45 YEARS
MPY86_2659,Medieval-Merton Priory,MALE?,ADULT 18-25 YEARS
MPY86_2710,Medieval-Merton Priory,MALE?,ADULT 36-45 YEARS
MPY86_2712,Medieval-Merton Priory,MALE,ADULT 36-45 YEARS
MPY86_2713,Medieval-Merton Priory,MALE,ADULT 26-35 YEARS
MPY86_2715,Medieval-Merton Priory,MALE,ADULT 36-45 YEARS
MPY86_2726,Medieval-Merton Priory,MALE?,ADULT 36-45 YEARS
MPY86_2741,Medieval-Merton Priory,MALE,ADULT 36-45 YEARS
MPY86_2748,Medieval-Merton Priory,MALE,ADULT >46 YEARS
MPY86_2758,Medieval-Merton Priory,MALE,ADULT 36-45 YEARS
MPY86_2774,Medieval-Merton Priory,MALE,ADULT 36-45 YEARS
MPY86_2783,Medieval-Merton Priory,MALE?,UNCLASSIFIED ADULT
MPY86_2787,Medieval-Merton Priory,MALE,ADULT 36-45 YEARS
MPY86_2807,Medieval-Merton Priory,MALE,ADULT 36-45 YEARS
MPY86_2836,Medieval-Merton Priory,MALE,ADULT 36-45 YEARS
MPY86_2846,Medieval-Merton Priory,MALE?,ADULT 36-45 YEARS
MPY86_2856,Medieval-Merton Priory,MALE,ADULT 36-45 YEARS
MPY86_2858,Medieval-Merton Priory,MALE?,ADULT 36-45 YEARS
MPY86_2862,Medieval-Merton Priory,MALE,ADULT 36-45 YEARS
MPY86_2882,Medieval-Merton Priory,MALE,ADULT 26-35 YEARS
MPY86_2884,Medieval-Merton Priory,MALE,ADULT 36-45 YEARS
MPY86_2895,Medieval-Merton Priory,MALE,ADULT 26-35 YEARS
MPY86_2898,Medieval-Merton Priory,MALE,ADULT >46 YEARS
MPY86_2905,Medieval-Merton Priory,MALE?,ADULT >46 YEARS
MPY86_2913,Medieval-Merton Priory,UNDETERMINABLE,UNCLASSIFIED ADULT
MPY86_2919,Medieval-Merton Priory,MALE?,ADULT 26-35 YEARS
MPY86_2921,Medieval-Merton Priory,MALE,ADULT >46 YEARS
MPY86_2925,Medieval-Merton Priory,MALE?,ADULT 36-45 YEARS
MPY86_2932,Medieval-Merton Priory,MALE?,ADULT 26-35 YEARS
MPY86_2934,Medieval-Merton Priory,MALE,ADULT 26-35 YEARS
MPY86_2948,Medieval-Merton Priory,UNDETERMINABLE,ADULT 26-35 YEARS
MPY86_2950,Medieval-Merton Priory,MALE?,UNCLASSIFIED ADULT
MPY86_2951,Medieval-Merton Priory,MALE?,ADULT >46 YEARS
MPY86_2958,Medieval-Merton Priory,MALE,ADULT 26-35 YEARS
MPY86_2960,Medieval-Merton Priory,MALE?,ADULT 36-45 YEARS
MPY86_2962,Medieval-Merton Priory,MALE,ADULT 36-45 YEARS
MPY86_2984,Medieval-Merton Priory,MALE,ADULT 36-45 YEARS
MPY86_2988,Medieval-Merton Priory,FEMALE?,ADULT 36-45 YEARS
MPY86_2991,Medieval-Merton Priory,MALE,ADULT 36-45 YEARS
MPY86_2995,Medieval-Merton Priory,MALE,ADULT 36-45 YEARS
MPY86_2998,Medieval-Merton Priory,INTERMEDIATE,ADULT >46 YEARS
MPY86_3028,Medieval-Merton Priory,MALE,ADULT 36-45 YEARS
MPY86_3044,Medieval-Merton Priory,MALE,UNCLASSIFIED ADULT
MPY86_3054,Medieval-Merton Priory,MALE,ADULT >46 YEARS
MPY86_3065,Medieval-Merton Priory,MALE?,ADULT 18-25 YEARS
MPY86_3072,Medieval-Merton Priory,MALE?,ADULT 26-35 YEARS
MPY86_3124,Medieval-Merton Priory,MALE?,ADULT 36-45 YEARS
MPY86_3128,Medieval-Merton Priory,MALE,ADULT 18-25 YEARS
MPY86_3229,Medieval-Merton Priory,MALE,ADULT 26-35 YEARS
MPY86_3283,Medieval-Merton Priory,MALE,ADULT 26-35 YEARS
MPY86_3294,Medieval-Merton Priory,MALE?,ADULT 36-45 YEARS
MPY86_3301,Medieval-Merton Priory,UNDETERMINABLE,UNCLASSIFIED ADULT
MPY86_3329,Medieval-Merton Priory,MALE,ADULT 36-45 YEARS
MPY86_3379,Medieval-Merton Priory,MALE,ADULT >46 YEARS
MPY86_3394,Medieval-Merton Priory,MALE?,UNCLASSIFIED ADULT
MPY86_3424,Medieval-Merton Priory,MALE,ADULT 26-35 YEARS
MPY86_3447,Medieval-Merton Priory,MALE,ADULT 36-45 YEARS
MPY86_3448,Medieval-Merton Priory,MALE,UNCLASSIFIED ADULT
MPY86_3499,Medieval-Merton Priory,MALE,ADULT 36-45 YEARS
MPY86_3522,Medieval-Merton Priory,MALE?,UNCLASSIFIED ADULT
MPY86_3544,Medieval-Merton Priory,MALE,ADULT 26-35 YEARS
MPY86_3555,Medieval-Merton Priory,MALE,ADULT 36-45 YEARS
MPY86_3592,Medieval-Merton Priory,FEMALE?,ADULT 36-45 YEARS
MPY86_3605,Medieval-Merton Priory,MALE?,UNCLASSIFIED ADULT
MPY86_3614,Medieval-Merton Priory,UNDETERMINABLE,UNCLASSIFIED ADULT
MPY86_3615,Medieval-Merton Priory,MALE?,UNCLASSIFIED ADULT
MPY86_3628,Medieval-Merton Priory,MALE,UNCLASSIFIED ADULT
MPY86_3630,Medieval-Merton Priory,MALE?,UNCLASSIFIED ADULT
MPY86_3655,Medieval-Merton Priory,MALE,ADULT 26-35 YEARS
MPY86_3656,Medieval-Merton Priory,MALE,ADULT 26-35 YEARS
MPY86_3667,Medieval-Merton Priory,MALE,ADULT >46 YEARS
MPY86_3668,Medieval-Merton Priory,FEMALE,ADULT 36-45 YEARS
MPY86_3670,Medieval-Merton Priory,MALE,ADULT 18-25 YEARS
MPY86_3672,Medieval-Merton Priory,MALE?,ADULT 26-35 YEARS
MPY86_3695,Medieval-Merton Priory,INTERMEDIATE,ADULT 26-35 YEARS
MPY86_3722,Medieval-Merton Priory,MALE,ADULT 36-45 YEARS
MPY86_3761,Medieval-Merton Priory,MALE,ADULT 36-45 YEARS
MPY86_3767,Medieval-Merton Priory,MALE,ADULT 36-45 YEARS
MPY86_3805,Medieval-Merton Priory,MALE,ADULT 18-25 YEARS
MPY86_3811,Medieval-Merton Priory,MALE,ADULT 36-45 YEARS
MPY86_3812,Medieval-Merton Priory,MALE,ADULT 36-45 YEARS
MPY86_3829,Medieval-Merton Priory,MALE,ADULT >46 YEARS
MPY86_3856,Medieval-Merton Priory,MALE?,ADULT 18-25 YEARS
MPY86_3857,Medieval-Merton Priory,MALE,ADULT 18-25 YEARS
MPY86_3860,Medieval-Merton Priory,MALE?,ADULT 36-45 YEARS
MPY86_3864,Medieval-Merton Priory,MALE,ADULT >46 YEARS
MPY86_3869,Medieval-Merton Priory,MALE,ADULT 26-35 YEARS
MPY86_3878,Medieval-Merton Priory,MALE?,UNCLASSIFIED ADULT
MPY86_3885,Medieval-Merton Priory,MALE,ADULT >46 YEARS
MPY86_3891,Medieval-Merton Priory,MALE,ADULT >46 YEARS
MPY86_3892,Medieval-Merton Priory,MALE,ADULT 36-45 YEARS
MPY86_3904,Medieval-Merton Priory,MALE,ADULT 26-35 YEARS
MPY86_3941,Medieval-Merton Priory,MALE?,ADULT 26-35 YEARS
MPY86_3947,Medieval-Merton Priory,MALE,ADULT 26-35 YEARS
MPY86_3955,Medieval-Merton Priory,MALE,ADULT 36-45 YEARS
MPY86_3958,Medieval-Merton Priory,MALE,ADULT 36-45 YEARS
MPY86_3968,Medieval-Merton Priory,FEMALE?,ADULT >46 YEARS
MPY86_3970,Medieval-Merton Priory,FEMALE,ADULT 36-45 YEARS
MPY86_3990,Medieval-Merton Priory,MALE?,ADULT 36-45 YEARS
MPY86_3993,Medieval-Merton Priory,MALE?,ADULT 36-45 YEARS
MPY86_3997,Medieval-Merton Priory,FEMALE,ADULT 36-45 YEARS
MPY86_4032,Medieval-Merton Priory,MALE,ADULT 36-45 YEARS
MPY86_4039,Medieval-Merton Priory,FEMALE?,ADULT 18-25 YEARS
MPY86_4045,Medieval-Merton Priory,FEMALE,ADULT 36-45 YEARS
MPY86_4051,Medieval-Merton Priory,FEMALE,ADULT 36-45 YEARS
MPY86_4054,Medieval-Merton Priory,MALE?,ADULT 36-45 YEARS
MPY86_4057,Medieval-Merton Priory,INTERMEDIATE,ADULT 36-45 YEARS
MPY86_4063,Medieval-Merton Priory,MALE?,ADULT 36-45 YEARS
MPY86_4066,Medieval-Merton Priory,MALE?,ADULT 36-45 YEARS
MPY86_4069,Medieval-Merton Priory,MALE,ADULT 36-45 YEARS
MPY86_4078,Medieval-Merton Priory,MALE,ADULT 36-45 YEARS
MPY86_4081,Medieval-Merton Priory,FEMALE?,ADULT 36-45 YEARS
MPY86_4084,Medieval-Merton Priory,MALE,ADULT 36-45 YEARS
MPY86_4087,Medieval-Merton Priory,MALE,ADULT 26-35 YEARS
MPY86_4096,Medieval-Merton Priory,MALE?,ADULT 36-45 YEARS
MPY86_4102,Medieval-Merton Priory,MALE,ADULT 36-45 YEARS
MPY86_4114,Medieval-Merton Priory,MALE?,ADULT 36-45 YEARS
MPY86_4120,Medieval-Merton Priory,FEMALE?,ADULT >46 YEARS
MPY86_4123,Medieval-Merton Priory,MALE?,UNCLASSIFIED ADULT
MPY86_4126,Medieval-Merton Priory,MALE,ADULT 36-45 YEARS
MPY86_4132,Medieval-Merton Priory,FEMALE,ADULT 36-45 YEARS
MPY86_4138,Medieval-Merton Priory,MALE,ADULT 36-45 YEARS
MPY86_4154,Medieval-Merton Priory,MALE,ADULT 36-45 YEARS
MPY86_4181,Medieval-Merton Priory,MALE,ADULT 36-45 YEARS
MPY86_4184,Medieval-Merton Priory,MALE?,ADULT 36-45 YEARS
MPY86_4187,Medieval-Merton Priory,FEMALE?,ADULT 36-45 YEARS
MPY86_4190,Medieval-Merton Priory,MALE,ADULT 26-35 YEARS
MPY86_4193,Medieval-Merton Priory,MALE,ADULT 36-45 YEARS
MPY86_4196,Medieval-Merton Priory,MALE,ADULT 36-45 YEARS
MPY86_4199,Medieval-Merton Priory,MALE,ADULT 36-45 YEARS
MPY86_4202,Medieval-Merton Priory,FEMALE?,ADULT 36-45 YEARS
MPY86_4205,Medieval-Merton Priory,MALE?,ADULT >46 YEARS
MPY86_4208,Medieval-Merton Priory,MALE,ADULT 36-45 YEARS
MPY86_4211,Medieval-Merton Priory,FEMALE,ADULT 36-45 YEARS
MPY86_4214,Medieval-Merton Priory,MALE,ADULT 36-45 YEARS
MPY86_4217,Medieval-Merton Priory,MALE,ADULT >46 YEARS
MPY86_4220,Medieval-Merton Priory,MALE?,ADULT 36-45 YEARS
MPY86_4226,Medieval-Merton Priory,MALE?,ADULT 36-45 YEARS
MPY86_4229,Medieval-Merton Priory,MALE,ADULT >46 YEARS
MPY86_4232,Medieval-Merton Priory,FEMALE,ADULT 26-35 YEARS
MPY86_4233,Medieval-Merton Priory,MALE,ADULT 26-35 YEARS
MPY86_4245,Medieval-Merton Priory,MALE,ADULT >46 YEARS
MPY86_4246,Medieval-Merton Priory,MALE?,UNCLASSIFIED ADULT
MPY86_4282,Medieval-Merton Priory,MALE?,UNCLASSIFIED ADULT
MPY86_4286,Medieval-Merton Priory,MALE,ADULT 36-45 YEARS
MPY86_4289,Medieval-Merton Priory,MALE?,ADULT 36-45 YEARS
MPY86_4292,Medieval-Merton Priory,MALE?,UNCLASSIFIED ADULT
MPY86_4295,Medieval-Merton Priory,INTERMEDIATE,ADULT 36-45 YEARS
MPY86_4298,Medieval-Merton Priory,FEMALE,ADULT 36-45 YEARS
MPY86_4301,Medieval-Merton Priory,MALE,ADULT 36-45 YEARS
MPY86_4307,Medieval-Merton Priory,FEMALE,ADULT 26-35 YEARS
MPY86_4313,Medieval-Merton Priory,MALE?,UNCLASSIFIED ADULT
MPY86_4325,Medieval-Merton Priory,MALE?,ADULT 36-45 YEARS
MPY86_4328,Medieval-Merton Priory,MALE?,UNCLASSIFIED ADULT
MPY86_4334,Medieval-Merton Priory,MALE?,UNCLASSIFIED ADULT
MPY86_4343,Medieval-Merton Priory,MALE,ADULT 18-25 YEARS
MPY86_4346,Medieval-Merton Priory,MALE,ADULT >46 YEARS
MPY86_4352,Medieval-Merton Priory,MALE?,UNCLASSIFIED ADULT
MPY86_4358,Medieval-Merton Priory,MALE,ADULT 36-45 YEARS
MPY86_4382,Medieval-Merton Priory,MALE?,ADULT 26-35 YEARS
MPY86_4388,Medieval-Merton Priory,FEMALE,ADULT >46 YEARS
MPY86_4391,Medieval-Merton Priory,FEMALE?,ADULT 36-45 YEARS
MPY86_4397,Medieval-Merton Priory,MALE,ADULT 36-45 YEARS
MPY86_4400,Medieval-Merton Priory,FEMALE?,ADULT >46 YEARS
MPY86_4403,Medieval-Merton Priory,FEMALE?,ADULT 26-35 YEARS
MPY86_4406,Medieval-Merton Priory,MALE,ADULT 26-35 YEARS
MPY86_4409,Medieval-Merton Priory,MALE,ADULT 26-35 YEARS
MPY86_4424,Medieval-Merton Priory,MALE,ADULT 26-35 YEARS
MPY86_4430,Medieval-Merton Priory,FEMALE?,UNCLASSIFIED ADULT
MPY86_4433,Medieval-Merton Priory,MALE,ADULT 26-35 YEARS
MPY86_4439,Medieval-Merton Priory,MALE,ADULT >46 YEARS
MPY86_4442,Medieval-Merton Priory,MALE,ADULT 36-45 YEARS
MPY86_4445,Medieval-Merton Priory,MALE,ADULT 36-45 YEARS
MPY86_4455,Medieval-Merton Priory,MALE,ADULT 36-45 YEARS
MPY86_4464,Medieval-Merton Priory,MALE,ADULT >46 YEARS
MPY86_4491,Medieval-Merton Priory,MALE,ADULT 26-35 YEARS
MPY86_4503,Medieval-Merton Priory,MALE?,ADULT 36-45 YEARS
MPY86_4506,Medieval-Merton Priory,MALE?,ADULT 26-35 YEARS
MPY86_4509,Medieval-Merton Priory,MALE,ADULT 36-45 YEARS
MPY86_4512,Medieval-Merton Priory,MALE,ADULT >46 YEARS
MPY86_4518,Medieval-Merton Priory,INTERMEDIATE,ADULT 36-45 YEARS
MPY86_4521,Medieval-Merton Priory,MALE,ADULT 36-45 YEARS
MPY86_4524,Medieval-Merton Priory,MALE,ADULT 26-35 YEARS
MPY86_4527,Medieval-Merton Priory,MALE,ADULT 36-45 YEARS
MPY86_4530,Medieval-Merton Priory,MALE?,ADULT 26-35 YEARS
MPY86_4543,Medieval-Merton Priory,MALE,ADULT 36-45 YEARS
MPY86_4546,Medieval-Merton Priory,MALE?,UNCLASSIFIED ADULT
MPY86_4549,Medieval-Merton Priory,MALE,ADULT 18-25 YEARS
MPY86_4555,Medieval-Merton Priory,MALE?,ADULT 26-35 YEARS
MPY86_4558,Medieval-Merton Priory,INTERMEDIATE,ADULT 36-45 YEARS
MPY86_4567,Medieval-Merton Priory,MALE,ADULT 36-45 YEARS
MPY86_4570,Medieval-Merton Priory,INTERMEDIATE,ADULT >46 YEARS
MPY86_4580,Medieval-Merton Priory,MALE,ADULT 36-45 YEARS
MPY86_4584,Medieval-Merton Priory,MALE?,ADULT 26-35 YEARS
MPY86_4590,Medieval-Merton Priory,MALE,ADULT >46 YEARS
MPY86_4593,Medieval-Merton Priory,MALE,ADULT 26-35 YEARS
MPY86_4596,Medieval-Merton Priory,MALE,UNCLASSIFIED ADULT
MPY86_4599,Medieval-Merton Priory,MALE?,ADULT 36-45 YEARS
MPY86_4611,Medieval-Merton Priory,MALE,ADULT 36-45 YEARS
MPY86_4614,Medieval-Merton Priory,MALE?,ADULT 26-35 YEARS
MPY86_4620,Medieval-Merton Priory,MALE?,ADULT >46 YEARS
MPY86_4623,Medieval-Merton Priory,UNDETERMINABLE,UNCLASSIFIED ADULT
MPY86_4626,Medieval-Merton Priory,MALE,UNCLASSIFIED ADULT
MPY86_4647,Medieval-Merton Priory,MALE,ADULT >46 YEARS
MPY86_4649,Medieval-Merton Priory,MALE?,ADULT 36-45 YEARS
MPY86_4652,Medieval-Merton Priory,MALE,UNCLASSIFIED ADULT
MPY86_4661,Medieval-Merton Priory,FEMALE?,ADULT 36-45 YEARS
MPY86_4664,Medieval-Merton Priory,MALE?,ADULT >46 YEARS
MPY86_4667,Medieval-Merton Priory,MALE?,ADULT 36-45 YEARS
MPY86_4676,Medieval-Merton Priory,MALE,ADULT 26-35 YEARS
MPY86_4682,Medieval-Merton Priory,MALE,ADULT >46 YEARS
MPY86_4701,Medieval-Merton Priory,MALE,ADULT 36-45 YEARS
MPY86_4704,Medieval-Merton Priory,FEMALE?,ADULT 26-35 YEARS
MPY86_4707,Medieval-Merton Priory,MALE,ADULT 36-45 YEARS
MPY86_4713,Medieval-Merton Priory,MALE?,ADULT 36-45 YEARS
MPY86_4716,Medieval-Merton Priory,MALE?,ADULT 36-45 YEARS
MPY86_4719,Medieval-Merton Priory,UNDETERMINABLE,ADULT 36-45 YEARS
MPY86_4722,Medieval-Merton Priory,MALE,UNCLASSIFIED ADULT
MPY86_4725,Medieval-Merton Priory,MALE?,ADULT 26-35 YEARS
MPY86_4731,Medieval-Merton Priory,MALE,ADULT >46 YEARS
MPY86_4737,Medieval-Merton Priory,MALE,ADULT 36-45 YEARS
MPY86_4740,Medieval-Merton Priory,MALE?,ADULT 36-45 YEARS
MPY86_4743,Medieval-Merton Priory,MALE?,UNCLASSIFIED ADULT
MPY86_4749,Medieval-Merton Priory,MALE,ADULT >46 YEARS
MPY86_4753,Medieval-Merton Priory,MALE,ADULT >46 YEARS
MPY86_4759,Medieval-Merton Priory,MALE,ADULT 36-45 YEARS
MPY86_4765,Medieval-Merton Priory,MALE?,ADULT 18-25 YEARS
MPY86_4768,Medieval-Merton Priory,MALE,ADULT 36-45 YEARS
MPY86_4771,Medieval-Merton Priory,FEMALE?,ADULT 36-45 YEARS
MPY86_4774,Medieval-Merton Priory,MALE,ADULT 36-45 YEARS
MPY86_4780,Medieval-Merton Priory,MALE,ADULT 36-45 YEARS
MPY86_4790,Medieval-Merton Priory,MALE,UNCLASSIFIED ADULT
MPY86_4802,Medieval-Merton Priory,MALE,ADULT 26-35 YEARS
MPY86_4808,Medieval-Merton Priory,MALE,ADULT 36-45 YEARS
MPY86_4811,Medieval-Merton Priory,FEMALE?,UNCLASSIFIED ADULT
MPY86_4823,Medieval-Merton Priory,FEMALE,ADULT 36-45 YEARS
MPY86_4829,Medieval-Merton Priory,MALE,ADULT 36-45 YEARS
MPY86_4832,Medieval-Merton Priory,FEMALE?,ADULT >46 YEARS
MPY86_4842,Medieval-Merton Priory,MALE,ADULT 36-45 YEARS
MPY86_4848,Medieval-Merton Priory,MALE,ADULT 36-45 YEARS
MPY86_4851,Medieval-Merton Priory,MALE,ADULT 36-45 YEARS
MPY86_4854,Medieval-Merton Priory,MALE,ADULT 26-35 YEARS
MPY86_4857,Medieval-Merton Priory,FEMALE?,ADULT 36-45 YEARS
MPY86_4860,Medieval-Merton Priory,MALE,ADULT 36-45 YEARS
MPY86_4863,Medieval-Merton Priory,MALE,ADULT >46 YEARS
MPY86_4866,Medieval-Merton Priory,FEMALE?,ADULT 36-45 YEARS
MPY86_4878,Medieval-Merton Priory,MALE?,ADULT 18-25 YEARS
MPY86_4890,Medieval-Merton Priory,FEMALE,ADULT 36-45 YEARS
MPY86_4893,Medieval-Merton Priory,MALE?,UNCLASSIFIED ADULT
MPY86_4899,Medieval-Merton Priory,MALE,ADULT 36-45 YEARS
MPY86_4902,Medieval-Merton Priory,MALE,ADULT 36-45 YEARS
MPY86_4905,Medieval-Merton Priory,INTERMEDIATE,ADULT 36-45 YEARS
MPY86_4908,Medieval-Merton Priory,MALE?,ADULT 36-45 YEARS
MPY86_4935,Medieval-Merton Priory,MALE,ADULT >46 YEARS
MPY86_4942,Medieval-Merton Priory,MALE,ADULT 36-45 YEARS
MPY86_4945,Medieval-Merton Priory,FEMALE,ADULT >46 YEARS
MPY86_4948,Medieval-Merton Priory,MALE,ADULT 26-35 YEARS
MPY86_4951,Medieval-Merton Priory,MALE,ADULT 36-45 YEARS
MPY86_4954,Medieval-Merton Priory,MALE,ADULT 36-45 YEARS
MPY86_4965,Medieval-Merton Priory,MALE,ADULT 36-45 YEARS
MPY86_4976,Medieval-Merton Priory,MALE?,ADULT 26-35 YEARS
MPY86_4982,Medieval-Merton Priory,MALE?,ADULT 36-45 YEARS
MPY86_4992,Medieval-Merton Priory,FEMALE,ADULT 36-45 YEARS
MPY86_4998,Medieval-Merton Priory,FEMALE?,ADULT 36-45 YEARS
MPY86_5017,Medieval-Merton Priory,MALE,ADULT >46 YEARS
MPY86_5020,Medieval-Merton Priory,MALE,ADULT 26-35 YEARS
MPY86_5025,Medieval-Merton Priory,MALE,UNCLASSIFIED ADULT
MPY86_5026,Medieval-Merton Priory,MALE,ADULT 36-45 YEARS
MPY86_5029,Medieval-Merton Priory,MALE,ADULT 36-45 YEARS
MPY86_5038,Medieval-Merton Priory,MALE?,ADULT 36-45 YEARS
MPY86_5041,Medieval-Merton Priory,MALE,ADULT 36-45 YEARS
MPY86_5044,Medieval-Merton Priory,MALE,ADULT 36-45 YEARS
MPY86_5047,Medieval-Merton Priory,MALE,ADULT 36-45 YEARS
MPY86_5050,Medieval-Merton Priory,MALE?,ADULT 26-35 YEARS
MPY86_5053,Medieval-Merton Priory,MALE,ADULT 26-35 YEARS
MPY86_5056,Medieval-Merton Priory,MALE,UNCLASSIFIED ADULT
MPY86_5062,Medieval-Merton Priory,MALE,ADULT 26-35 YEARS
MPY86_5074,Medieval-Merton Priory,MALE?,ADULT 36-45 YEARS
MPY86_5077,Medieval-Merton Priory,MALE?,UNCLASSIFIED ADULT
MPY86_5080,Medieval-Merton Priory,MALE,ADULT 36-45 YEARS
MPY86_5083,Medieval-Merton Priory,UNDETERMINABLE,ADULT >46 YEARS
MPY86_5086,Medieval-Merton Priory,MALE?,ADULT 26-35 YEARS
MPY86_5089,Medieval-Merton Priory,MALE,ADULT 36-45 YEARS
MPY86_5092,Medieval-Merton Priory,MALE,ADULT 36-45 YEARS
MPY86_5095,Medieval-Merton Priory,INTERMEDIATE,ADULT 36-45 YEARS
MPY86_5098,Medieval-Merton Priory,MALE,ADULT 36-45 YEARS
MPY86_5104,Medieval-Merton Priory,MALE,ADULT >46 YEARS
MPY86_5107,Medieval-Merton Priory,INTERMEDIATE,ADULT >46 YEARS
MPY86_5154,Medieval-Merton Priory,MALE?,ADULT 36-45 YEARS
MPY86_5156,Medieval-Merton Priory,MALE?,UNCLASSIFIED ADULT
MPY86_5158,Medieval-Merton Priory,MALE?,ADULT >46 YEARS
MPY86_5160,Medieval-Merton Priory,MALE,ADULT 26-35 YEARS
MPY86_5167,Medieval-Merton Priory,MALE,ADULT 36-45 YEARS
MPY86_5185,Medieval-Merton Priory,MALE,ADULT 26-35 YEARS
MPY86_5188,Medieval-Merton Priory,MALE,UNCLASSIFIED ADULT
MPY86_5194,Medieval-Merton Priory,MALE?,ADULT 18-25 YEARS
MPY86_5201,Medieval-Merton Priory,MALE,ADULT 26-35 YEARS
MPY86_5228,Medieval-Merton Priory,MALE,UNCLASSIFIED ADULT
MPY86_5235,Medieval-Merton Priory,MALE,ADULT 36-45 YEARS
MPY86_5238,Medieval-Merton Priory,MALE,ADULT 26-35 YEARS
MPY86_5241,Medieval-Merton Priory,MALE,ADULT >46 YEARS
MPY86_5247,Medieval-Merton Priory,MALE,ADULT 26-35 YEARS
MPY86_5250,Medieval-Merton Priory,MALE,ADULT 36-45 YEARS
MPY86_5277,Medieval-Merton Priory,MALE,ADULT 36-45 YEARS
MPY86_5324,Medieval-Merton Priory,MALE?,UNCLASSIFIED ADULT
MPY86_5336,Medieval-Merton Priory,MALE,ADULT 36-45 YEARS
MPY86_5437,Medieval-Merton Priory,INTERMEDIATE,UNCLASSIFIED ADULT
MPY86_5688,Medieval-Merton Priory,MALE,ADULT >46 YEARS
MPY86_5739,Medieval-Merton Priory,INTERMEDIATE,UNCLASSIFIED ADULT
MPY86_5758,Medieval-Merton Priory,FEMALE?,ADULT 18-25 YEARS
MPY86_5771,Medieval-Merton Priory,MALE,ADULT 36-45 YEARS
MPY86_5815,Medieval-Merton Priory,INTERMEDIATE,ADULT 36-45 YEARS
MPY86_5833,Medieval-Merton Priory,INTERMEDIATE,ADULT >46 YEARS
MPY86_5845,Medieval-Merton Priory,MALE,ADULT 36-45 YEARS
MPY86_5854,Medieval-Merton Priory,MALE?,ADULT >46 YEARS
MPY86_5859,Medieval-Merton Priory,MALE,ADULT 36-45 YEARS
MPY86_5862,Medieval-Merton Priory,MALE?,UNCLASSIFIED ADULT
MPY86_5865,Medieval-Merton Priory,FEMALE,ADULT 36-45 YEARS
MPY86_5868,Medieval-Merton Priory,MALE,ADULT 36-45 YEARS
MPY86_5875,Medieval-Merton Priory,MALE,ADULT >46 YEARS
MPY86_5878,Medieval-Merton Priory,MALE,ADULT 36-45 YEARS
MPY86_5884,Medieval-Merton Priory,MALE?,ADULT 36-45 YEARS
MPY86_5896,Medieval-Merton Priory,MALE,ADULT 26-35 YEARS
MPY86_6024,Medieval-Merton Priory,MALE,ADULT 36-45 YEARS
MPY86_6027,Medieval-Merton Priory,MALE,ADULT 26-35 YEARS
MPY86_6030,Medieval-Merton Priory,MALE,ADULT 26-35 YEARS
MPY86_6063,Medieval-Merton Priory,MALE,UNCLASSIFIED ADULT
MPY86_6066,Medieval-Merton Priory,MALE,ADULT 36-45 YEARS
MPY86_7051,Medieval-Merton Priory,MALE,ADULT >46 YEARS
MPY86_7082,Medieval-Merton Priory,MALE?,ADULT 18-25 YEARS
MPY86_7086,Medieval-Merton Priory,MALE?,UNCLASSIFIED ADULT
MPY86_7090,Medieval-Merton Priory,MALE,UNCLASSIFIED ADULT
MPY86_7094,Medieval-Merton Priory,MALE,ADULT 26-35 YEARS
MPY86_7098,Medieval-Merton Priory,MALE,ADULT 36-45 YEARS
MPY86_7102,Medieval-Merton Priory,MALE?,ADULT >46 YEARS
MPY86_7105,Medieval-Merton Priory,MALE,ADULT >46 YEARS
MPY86_7108,Medieval-Merton Priory,MALE,ADULT 26-35 YEARS
MPY86_7111,Medieval-Merton Priory,MALE?,ADULT >46 YEARS
MPY86_7116,Medieval-Merton Priory,MALE,UNCLASSIFIED ADULT
MPY86_7119,Medieval-Merton Priory,MALE,ADULT 36-45 YEARS
MPY86_7124,Medieval-Merton Priory,MALE,ADULT 36-45 YEARS
MPY86_7130,Medieval-Merton Priory,FEMALE?,ADULT 36-45 YEARS
MPY86_7144,Medieval-Merton Priory,MALE?,ADULT 26-35 YEARS
MPY86_7153,Medieval-Merton Priory,MALE?,ADULT 36-45 YEARS
MPY86_7163,Medieval-Merton Priory,MALE,ADULT 26-35 YEARS
MPY86_7166,Medieval-Merton Priory,MALE,UNCLASSIFIED ADULT
MPY86_7178,Medieval-Merton Priory,UNDETERMINABLE,ADULT 26-35 YEARS
MPY86_7181,Medieval-Merton Priory,MALE?,ADULT 18-25 YEARS
MPY86_7184,Medieval-Merton Priory,FEMALE?,ADULT 36-45 YEARS
MPY86_7187,Medieval-Merton Priory,MALE?,UNCLASSIFIED ADULT
MPY86_7401,Medieval-Merton Priory,MALE,ADULT 36-45 YEARS
MPY86_7442,Medieval-Merton Priory,MALE,ADULT 36-45 YEARS
MPY86_7452,Medieval-Merton Priory,MALE,ADULT >46 YEARS
MPY86_7455,Medieval-Merton Priory,MALE,ADULT >46 YEARS
MPY86_7464,Medieval-Merton Priory,MALE,ADULT 36-45 YEARS
MPY86_7477,Medieval-Merton Priory,MALE?,ADULT 36-45 YEARS
MPY86_7481,Medieval-Merton Priory,MALE,ADULT 26-35 YEARS
MPY86_7484,Medieval-Merton Priory,MALE,ADULT 36-45 YEARS
MPY86_7488,Medieval-Merton Priory,MALE,ADULT 36-45 YEARS
MPY86_7493,Medieval-Merton Priory,MALE,ADULT 26-35 YEARS
MPY86_7497,Medieval-Merton Priory,MALE?,UNCLASSIFIED ADULT
MPY86_7501,Medieval-Merton Priory,FEMALE?,ADULT >46 YEARS
MPY86_7506,Medieval-Merton Priory,MALE?,ADULT 26-35 YEARS
MPY86_7512,Medieval-Merton Priory,MALE?,ADULT 36-45 YEARS
MPY86_7559,Medieval-Merton Priory,MALE,ADULT 36-45 YEARS
MPY86_7586,Medieval-Merton Priory,MALE,ADULT >46 YEARS
MPY86_7590,Medieval-Merton Priory,MALE?,UNCLASSIFIED ADULT
MPY86_7593,Medieval-Merton Priory,MALE,ADULT 26-35 YEARS
MPY86_7596,Medieval-Merton Priory,MALE?,UNCLASSIFIED ADULT
MPY86_7599,Medieval-Merton Priory,INTERMEDIATE,ADULT >46 YEARS
MPY86_7602,Medieval-Merton Priory,MALE,ADULT 36-45 YEARS
MPY86_7606,Medieval-Merton Priory,MALE,ADULT 36-45 YEARS
MPY86_7608,Medieval-Merton Priory,MALE,ADULT 36-45 YEARS
MPY86_7611,Medieval-Merton Priory,MALE,ADULT 36-45 YEARS
MPY86_7614,Medieval-Merton Priory,MALE?,ADULT 36-45 YEARS
MPY86_7618,Medieval-Merton Priory,MALE,ADULT 36-45 YEARS
MPY86_7625,Medieval-Merton Priory,MALE,ADULT >46 YEARS
MPY86_7628,Medieval-Merton Priory,MALE?,UNCLASSIFIED ADULT
MPY86_7634,Medieval-Merton Priory,MALE?,ADULT 36-45 YEARS
MPY86_7655,Medieval-Merton Priory,MALE,ADULT 36-45 YEARS
MPY86_7660,Medieval-Merton Priory,MALE?,ADULT 36-45 YEARS
MPY86_7662,Medieval-Merton Priory,MALE,ADULT 26-35 YEARS
MPY86_7667,Medieval-Merton Priory,MALE?,UNCLASSIFIED ADULT
MPY86_7689,Medieval-Merton Priory,MALE?,ADULT 26-35 YEARS
MPY86_7715,Medieval-Merton Priory,MALE,ADULT 36-45 YEARS
MPY86_7723,Medieval-Merton Priory,MALE,ADULT >46 YEARS
MPY86_7727,Medieval-Merton Priory,MALE,ADULT >46 YEARS
MPY86_7766,Medieval-Merton Priory,FEMALE?,ADULT 26-35 YEARS
MPY86_7775,Medieval-Merton Priory,MALE,ADULT 26-35 YEARS
MPY86_11203,Medieval-Merton Priory,MALE?,ADULT 26-35 YEARS
MPY86_12001,Medieval-Merton Priory,MALE,UNCLASSIFIED ADULT
ONE94_67,Medieval-St. Benet sherehog,MALE,ADULT 36-45 YEARS
ONE94_726,Medieval-St. Benet sherehog,MALE,ADULT 36-45 YEARS
ONE94_838,Medieval-St. Benet sherehog,MALE,ADULT 26-35 YEARS
ONE94_1511,Medieval-St. Benet sherehog,FEMALE,ADULT 36-45 YEARS
ONE94_1566,Medieval-St. Benet sherehog,MALE,ADULT 36-45 YEARS
ONE94_1570,Medieval-St. Benet sherehog,MALE,ADULT 36-45 YEARS
ONE94_1601,Medieval-St. Benet sherehog,MALE?,ADULT 36-45 YEARS
MIN86_6082,Medieval-St. Mary Graces,MALE?,ADULT 26-35 YEARS
MIN86_6177,Medieval-St. Mary Graces,FEMALE?,ADULT 26-35 YEARS
MIN86_6210,Medieval-St. Mary Graces,FEMALE,ADULT 26-35 YEARS
MIN86_6225,Medieval-St. Mary Graces,MALE,ADULT 36-45 YEARS
MIN86_6272,Medieval-St. Mary Graces,FEMALE,ADULT 18-25 YEARS
MIN86_6351,Medieval-St. Mary Graces,MALE,ADULT 36-45 YEARS
MIN86_6371,Medieval-St. Mary Graces,MALE?,ADULT 18-25 YEARS
MIN86_6565,Medieval-St. Mary Graces,FEMALE?,ADULT 18-25 YEARS
MIN86_7020,Medieval-St. Mary Graces,FEMALE?,ADULT 26-35 YEARS
MIN86_7032,Medieval-St. Mary Graces,MALE,ADULT 36-45 YEARS
MIN86_7068,Medieval-St. Mary Graces,FEMALE?,ADULT 26-35 YEARS
MIN86_7228,Medieval-St. Mary Graces,FEMALE,ADULT 36-45 YEARS
MIN86_7268,Medieval-St. Mary Graces,MALE,ADULT 18-25 YEARS
MIN86_7358,Medieval-St. Mary Graces,MALE,ADULT 26-35 YEARS
MIN86_7425,Medieval-St. Mary Graces,MALE,ADULT 26-35 YEARS
MIN86_7472,Medieval-St. Mary Graces,MALE,ADULT 26-35 YEARS
MIN86_8012,Medieval-St. Mary Graces,MALE,ADULT 36-45 YEARS
MIN86_8015,Medieval-St. Mary Graces,FEMALE,ADULT 26-35 YEARS
MIN86_8016,Medieval-St. Mary Graces,MALE,ADULT 36-45 YEARS
MIN86_8102,Medieval-St. Mary Graces,MALE,ADULT 36-45 YEARS
MIN86_8108,Medieval-St. Mary Graces,MALE?,ADULT 26-35 YEARS
MIN86_8111,Medieval-St. Mary Graces,FEMALE,ADULT >46 YEARS
MIN86_8112,Medieval-St. Mary Graces,MALE?,ADULT 26-35 YEARS
MIN86_8157,Medieval-St. Mary Graces,FEMALE?,ADULT 18-25 YEARS
MIN86_8207,Medieval-St. Mary Graces,MALE,ADULT 36-45 YEARS
MIN86_8210,Medieval-St. Mary Graces,INTERMEDIATE,ADULT 36-45 YEARS
MIN86_8454,Medieval-St. Mary Graces,MALE,ADULT >46 YEARS
MIN86_9362,Medieval-St. Mary Graces,FEMALE,ADULT 26-35 YEARS
MIN86_9365,Medieval-St. Mary Graces,MALE,ADULT >46 YEARS
MIN86_9380,Medieval-St. Mary Graces,INTERMEDIATE,ADULT 36-45 YEARS
MIN86_9386,Medieval-St. Mary Graces,MALE,ADULT >46 YEARS
MIN86_9411,Medieval-St. Mary Graces,MALE?,ADULT 36-45 YEARS
MIN86_9417,Medieval-St. Mary Graces,MALE?,UNCLASSIFIED ADULT
MIN86_9519,Medieval-St. Mary Graces,FEMALE,ADULT 18-25 YEARS
MIN86_9608,Medieval-St. Mary Graces,MALE?,ADULT 36-45 YEARS
MIN86_9810,Medieval-St. Mary Graces,MALE?,ADULT 26-35 YEARS
MIN86_9925,Medieval-St. Mary Graces,FEMALE?,ADULT 26-35 YEARS
MIN86_9960,Medieval-St. Mary Graces,FEMALE,ADULT 36-45 YEARS
MIN86_9987,Medieval-St. Mary Graces,MALE,ADULT 26-35 YEARS
MIN86_10070,Medieval-St. Mary Graces,MALE,ADULT 36-45 YEARS
MIN86_10170,Medieval-St. Mary Graces,MALE,ADULT 18-25 YEARS
MIN86_10287,Medieval-St. Mary Graces,MALE,ADULT 36-45 YEARS
MIN86_10420,Medieval-St. Mary Graces,MALE,ADULT >46 YEARS
MIN86_10493,Medieval-St. Mary Graces,FEMALE,UNCLASSIFIED ADULT
MIN86_10801,Medieval-St. Mary Graces,MALE,ADULT 36-45 YEARS
MIN86_11005,Medieval-St. Mary Graces,MALE,ADULT 36-45 YEARS
MIN86_11025,Medieval-St. Mary Graces,MALE?,ADULT 36-45 YEARS
MIN86_11033,Medieval-St. Mary Graces,MALE?,ADULT 26-35 YEARS
MIN86_11090,Medieval-St. Mary Graces,FEMALE,ADULT 26-35 YEARS
MIN86_11475,Medieval-St. Mary Graces,MALE,ADULT 26-35 YEARS
MIN86_11494,Medieval-St. Mary Graces,MALE,ADULT 26-35 YEARS
MIN86_11656,Medieval-St. Mary Graces,MALE,ADULT 26-35 YEARS
MIN86_11867,Medieval-St. Mary Graces,MALE?,ADULT 36-45 YEARS
MIN86_11937,Medieval-St. Mary Graces,INTERMEDIATE,ADULT 26-35 YEARS
MIN86_11956,Medieval-St. Mary Graces,FEMALE,ADULT >46 YEARS
MIN86_12005,Medieval-St. Mary Graces,MALE?,ADULT 18-25 YEARS
MIN86_12110,Medieval-St. Mary Graces,MALE,ADULT 36-45 YEARS
MIN86_12297,Medieval-St. Mary Graces,FEMALE?,ADULT 26-35 YEARS
MIN86_12339,Medieval-St. Mary Graces,FEMALE?,ADULT 26-35 YEARS
MIN86_12356,Medieval-St. Mary Graces,MALE,ADULT >46 YEARS
MIN86_12400,Medieval-St. Mary Graces,MALE,ADULT 36-45 YEARS
MIN86_12403,Medieval-St. Mary Graces,MALE,ADULT 36-45 YEARS
MIN86_12414,Medieval-St. Mary Graces,MALE,ADULT 36-45 YEARS
MIN86_12427,Medieval-St. Mary Graces,MALE?,ADULT 26-35 YEARS
MIN86_12480,Medieval-St. Mary Graces,MALE,ADULT 36-45 YEARS
MIN86_12621,Medieval-St. Mary Graces,FEMALE,ADULT 26-35 YEARS
MIN86_12648,Medieval-St. Mary Graces,FEMALE,ADULT 36-45 YEARS
MIN86_12687,Medieval-St. Mary Graces,FEMALE,ADULT >46 YEARS
MIN86_12767,Medieval-St. Mary Graces,MALE,ADULT 26-35 YEARS
MIN86_12770,Medieval-St. Mary Graces,FEMALE,ADULT 36-45 YEARS
MIN86_12812,Medieval-St. Mary Graces,MALE?,ADULT 26-35 YEARS
MIN86_12881,Medieval-St. Mary Graces,MALE,ADULT 36-45 YEARS
MIN86_13624,Medieval-St. Mary Graces,MALE?,ADULT 26-35 YEARS
MIN86_13678,Medieval-St. Mary Graces,MALE,ADULT 36-45 YEARS
MIN86_13825,Medieval-St. Mary Graces,MALE,ADULT 36-45 YEARS
MIN86_13849,Medieval-St. Mary Graces,INTERMEDIATE,UNCLASSIFIED ADULT
MIN86_13898,Medieval-St. Mary Graces,FEMALE,ADULT 26-35 YEARS
MIN86_13959,Medieval-St. Mary Graces,FEMALE,ADULT 26-35 YEARS
NRT85_19,Medieval-Spital Square,FEMALE,ADULT >46 YEARS
NRT85_22,Medieval-Spital Square,MALE,ADULT 18-25 YEARS
NRT85_25,Medieval-Spital Square,INTERMEDIATE,ADULT 26-35 YEARS
NRT85_31,Medieval-Spital Square,MALE,ADULT 36-45 YEARS
NRT85_58,Medieval-Spital Square,FEMALE?,ADULT 26-35 YEARS
NRT85_62,Medieval-Spital Square,INTERMEDIATE,ADULT 18-25 YEARS
NRT85_76,Medieval-Spital Square,MALE,ADULT 36-45 YEARS
NRT85_324,Medieval-Spital Square,FEMALE?,ADULT 26-35 YEARS
NRT85_339,Medieval-Spital Square,FEMALE?,ADULT >46 YEARS
NRT85_358,Medieval-Spital Square,MALE,ADULT 36-45 YEARS
NRT85_387,Medieval-Spital Square,MALE?,ADULT 26-35 YEARS
NRT85_394,Medieval-Spital Square,MALE,ADULT 18-25 YEARS
REW92_1,Post-Medieval-Cross Bones,MALE,ADULT 36-45 YEARS
REW92_2,Post-Medieval-Cross Bones,MALE,ADULT 18-25 YEARS
REW92_6,Post-Medieval-Cross Bones,MALE,ADULT 36-45 YEARS
REW92_9,Post-Medieval-Cross Bones,MALE?,UNCLASSIFIED ADULT
REW92_11,Post-Medieval-Cross Bones,MALE,ADULT 36-45 YEARS
REW92_24,Post-Medieval-Cross Bones,FEMALE,ADULT 36-45 YEARS
REW92_26,Post-Medieval-Cross Bones,FEMALE?,ADULT >46 YEARS
REW92_28,Post-Medieval-Cross Bones,FEMALE?,ADULT 26-35 YEARS
REW92_32,Post-Medieval-Cross Bones,FEMALE?,ADULT 36-45 YEARS
REW92_44,Post-Medieval-Cross Bones,FEMALE?,ADULT 36-45 YEARS
REW92_46,Post-Medieval-Cross Bones,MALE?,ADULT 18-25 YEARS
REW92_48,Post-Medieval-Cross Bones,FEMALE?,ADULT >46 YEARS
REW92_52,Post-Medieval-Cross Bones,FEMALE,ADULT >46 YEARS
REW92_54,Post-Medieval-Cross Bones,INTERMEDIATE,ADULT 26-35 YEARS
REW92_56,Post-Medieval-Cross Bones,FEMALE,ADULT 36-45 YEARS
REW92_60,Post-Medieval-Cross Bones,INTERMEDIATE,UNCLASSIFIED ADULT
REW92_62,Post-Medieval-Cross Bones,FEMALE?,ADULT >46 YEARS
REW92_64,Post-Medieval-Cross Bones,FEMALE,ADULT >46 YEARS
REW92_72,Post-Medieval-Cross Bones,FEMALE,ADULT >46 YEARS
REW92_89,Post-Medieval-Cross Bones,FEMALE,UNCLASSIFIED ADULT
REW92_91,Post-Medieval-Cross Bones,FEMALE?,ADULT 36-45 YEARS
REW92_96,Post-Medieval-Cross Bones,FEMALE?,ADULT 36-45 YEARS
REW92_99,Post-Medieval-Cross Bones,FEMALE,ADULT 18-25 YEARS
REW92_100,Post-Medieval-Cross Bones,FEMALE?,ADULT 36-45 YEARS
REW92_101,Post-Medieval-Cross Bones,FEMALE,ADULT >46 YEARS
REW92_114,Post-Medieval-Cross Bones,MALE?,ADULT >46 YEARS
REW92_116,Post-Medieval-Cross Bones,FEMALE?,ADULT 36-45 YEARS
REW92_118,Post-Medieval-Cross Bones,FEMALE,ADULT 36-45 YEARS
REW92_119,Post-Medieval-Cross Bones,MALE,ADULT 36-45 YEARS
REW92_136,Post-Medieval-Cross Bones,FEMALE,ADULT 36-45 YEARS
REW92_140,Post-Medieval-Cross Bones,FEMALE,ADULT 26-35 YEARS
REW92_155,Post-Medieval-Cross Bones,MALE,ADULT 36-45 YEARS
REW92_157,Post-Medieval-Cross Bones,FEMALE,ADULT >46 YEARS
REW92_159,Post-Medieval-Cross Bones,FEMALE,ADULT >46 YEARS
REW92_161,Post-Medieval-Cross Bones,MALE,UNCLASSIFIED ADULT
REW92_165,Post-Medieval-Cross Bones,FEMALE?,ADULT 36-45 YEARS
REW92_167,Post-Medieval-Cross Bones,MALE?,ADULT 26-35 YEARS
REW92_171,Post-Medieval-Cross Bones,MALE?,ADULT 36-45 YEARS
REW92_175,Post-Medieval-Cross Bones,FEMALE?,ADULT >46 YEARS
OCU00_18,Post-Medieval-Chelsea Old Church,FEMALE,ADULT 36-45 YEARS
OCU00_19,Post-Medieval-Chelsea Old Church,FEMALE,ADULT >46 YEARS
OCU00_20,Post-Medieval-Chelsea Old Church,MALE,ADULT 36-45 YEARS
OCU00_31,Post-Medieval-Chelsea Old Church,FEMALE,ADULT 36-45 YEARS
OCU00_35,Post-Medieval-Chelsea Old Church,MALE,ADULT >46 YEARS
OCU00_47,Post-Medieval-Chelsea Old Church,MALE,ADULT 18-25 YEARS
OCU00_92,Post-Medieval-Chelsea Old Church,FEMALE,ADULT 18-25 YEARS
OCU00_100,Post-Medieval-Chelsea Old Church,MALE,ADULT 36-45 YEARS
OCU00_104,Post-Medieval-Chelsea Old Church,FEMALE,ADULT 36-45 YEARS
OCU00_143,Post-Medieval-Chelsea Old Church,MALE,ADULT >46 YEARS
OCU00_147,Post-Medieval-Chelsea Old Church,MALE,ADULT >46 YEARS
OCU00_154,Post-Medieval-Chelsea Old Church,MALE?,ADULT >46 YEARS
OCU00_157,Post-Medieval-Chelsea Old Church,MALE,ADULT 36-45 YEARS
OCU00_161,Post-Medieval-Chelsea Old Church,FEMALE,ADULT 18-25 YEARS
OCU00_193,Post-Medieval-Chelsea Old Church,FEMALE,ADULT 36-45 YEARS
OCU00_198,Post-Medieval-Chelsea Old Church,MALE,ADULT 36-45 YEARS
OCU00_206,Post-Medieval-Chelsea Old Church,FEMALE,UNCLASSIFIED ADULT
OCU00_232,Post-Medieval-Chelsea Old Church,FEMALE,ADULT 26-35 YEARS
OCU00_248,Post-Medieval-Chelsea Old Church,FEMALE,ADULT >46 YEARS
OCU00_253,Post-Medieval-Chelsea Old Church,MALE?,ADULT >46 YEARS
OCU00_258,Post-Medieval-Chelsea Old Church,MALE?,ADULT 26-35 YEARS
OCU00_274,Post-Medieval-Chelsea Old Church,FEMALE,ADULT >46 YEARS
OCU00_277,Post-Medieval-Chelsea Old Church,MALE?,UNCLASSIFIED ADULT
OCU00_281,Post-Medieval-Chelsea Old Church,MALE,ADULT 26-35 YEARS
OCU00_285,Post-Medieval-Chelsea Old Church,MALE,ADULT 36-45 YEARS
OCU00_297,Post-Medieval-Chelsea Old Church,FEMALE?,UNCLASSIFIED ADULT
OCU00_323,Post-Medieval-Chelsea Old Church,MALE,ADULT 36-45 YEARS
OCU00_339,Post-Medieval-Chelsea Old Church,MALE,ADULT 36-45 YEARS
OCU00_349,Post-Medieval-Chelsea Old Church,MALE,ADULT 18-25 YEARS
OCU00_353,Post-Medieval-Chelsea Old Church,FEMALE,ADULT 26-35 YEARS
OCU00_359,Post-Medieval-Chelsea Old Church,MALE,ADULT 36-45 YEARS
OCU00_363,Post-Medieval-Chelsea Old Church,FEMALE,ADULT 18-25 YEARS
OCU00_392,Post-Medieval-Chelsea Old Church,FEMALE,ADULT 18-25 YEARS
OCU00_411,Post-Medieval-Chelsea Old Church,MALE,ADULT 36-45 YEARS
OCU00_419,Post-Medieval-Chelsea Old Church,FEMALE,ADULT >46 YEARS
OCU00_446,Post-Medieval-Chelsea Old Church,FEMALE,ADULT >46 YEARS
OCU00_453,Post-Medieval-Chelsea Old Church,MALE,ADULT >46 YEARS
OCU00_460,Post-Medieval-Chelsea Old Church,MALE,ADULT 18-25 YEARS
OCU00_485,Post-Medieval-Chelsea Old Church,MALE,ADULT >46 YEARS
OCU00_496,Post-Medieval-Chelsea Old Church,MALE,ADULT >46 YEARS
OCU00_502,Post-Medieval-Chelsea Old Church,INTERMEDIATE,ADULT >46 YEARS
OCU00_505,Post-Medieval-Chelsea Old Church,FEMALE,ADULT 26-35 YEARS
OCU00_509,Post-Medieval-Chelsea Old Church,FEMALE?,ADULT >46 YEARS
OCU00_511,Post-Medieval-Chelsea Old Church,INTERMEDIATE,ADULT 26-35 YEARS
OCU00_516,Post-Medieval-Chelsea Old Church,MALE,ADULT >46 YEARS
OCU00_523,Post-Medieval-Chelsea Old Church,FEMALE,ADULT >46 YEARS
OCU00_527,Post-Medieval-Chelsea Old Church,MALE,ADULT >46 YEARS
OCU00_532,Post-Medieval-Chelsea Old Church,MALE?,ADULT 36-45 YEARS
OCU00_534,Post-Medieval-Chelsea Old Church,FEMALE,ADULT 18-25 YEARS
OCU00_544,Post-Medieval-Chelsea Old Church,MALE?,ADULT >46 YEARS
OCU00_552,Post-Medieval-Chelsea Old Church,FEMALE,ADULT >46 YEARS
OCU00_567,Post-Medieval-Chelsea Old Church,FEMALE,ADULT 26-35 YEARS
OCU00_583,Post-Medieval-Chelsea Old Church,FEMALE?,ADULT 36-45 YEARS
OCU00_593,Post-Medieval-Chelsea Old Church,MALE,ADULT >46 YEARS
OCU00_608,Post-Medieval-Chelsea Old Church,FEMALE,UNCLASSIFIED ADULT
OCU00_612,Post-Medieval-Chelsea Old Church,FEMALE,ADULT >46 YEARS
OCU00_622,Post-Medieval-Chelsea Old Church,MALE,ADULT >46 YEARS
OCU00_641,Post-Medieval-Chelsea Old Church,MALE,ADULT 26-35 YEARS
OCU00_646,Post-Medieval-Chelsea Old Church,MALE?,ADULT >46 YEARS
OCU00_654,Post-Medieval-Chelsea Old Church,MALE,ADULT >46 YEARS
OCU00_668,Post-Medieval-Chelsea Old Church,MALE,ADULT >46 YEARS
OCU00_675,Post-Medieval-Chelsea Old Church,MALE?,UNCLASSIFIED ADULT
OCU00_697,Post-Medieval-Chelsea Old Church,FEMALE?,ADULT >46 YEARS
OCU00_701,Post-Medieval-Chelsea Old Church,MALE,ADULT >46 YEARS
OCU00_709,Post-Medieval-Chelsea Old Church,MALE,ADULT 18-25 YEARS
OCU00_713,Post-Medieval-Chelsea Old Church,MALE,ADULT >46 YEARS
OCU00_722,Post-Medieval-Chelsea Old Church,FEMALE,ADULT >46 YEARS
OCU00_750,Post-Medieval-Chelsea Old Church,MALE,ADULT >46 YEARS
OCU00_754,Post-Medieval-Chelsea Old Church,FEMALE,ADULT 18-25 YEARS
OCU00_782,Post-Medieval-Chelsea Old Church,MALE,ADULT 36-45 YEARS
OCU00_790,Post-Medieval-Chelsea Old Church,FEMALE?,ADULT 18-25 YEARS
OCU00_792,Post-Medieval-Chelsea Old Church,FEMALE,ADULT >46 YEARS
OCU00_802,Post-Medieval-Chelsea Old Church,FEMALE,ADULT >46 YEARS
OCU00_805,Post-Medieval-Chelsea Old Church,MALE,ADULT 36-45 YEARS
OCU00_812,Post-Medieval-Chelsea Old Church,FEMALE,ADULT >46 YEARS
OCU00_819,Post-Medieval-Chelsea Old Church,MALE,ADULT >46 YEARS
OCU00_841,Post-Medieval-Chelsea Old Church,FEMALE,ADULT >46 YEARS
OCU00_856,Post-Medieval-Chelsea Old Church,MALE,ADULT 26-35 YEARS
OCU00_867,Post-Medieval-Chelsea Old Church,MALE,ADULT 26-35 YEARS
OCU00_885,Post-Medieval-Chelsea Old Church,FEMALE,ADULT 26-35 YEARS
OCU00_918,Post-Medieval-Chelsea Old Church,FEMALE,ADULT >46 YEARS
OCU00_926,Post-Medieval-Chelsea Old Church,MALE?,UNCLASSIFIED ADULT
OCU00_976,Post-Medieval-Chelsea Old Church,UNDETERMINABLE,UNCLASSIFIED ADULT
OCU00_980,Post-Medieval-Chelsea Old Church,FEMALE,ADULT >46 YEARS
OCU00_990,Post-Medieval-Chelsea Old Church,FEMALE?,ADULT 26-35 YEARS
OCU00_994,Post-Medieval-Chelsea Old Church,MALE,ADULT 36-45 YEARS
OCU00_1001,Post-Medieval-Chelsea Old Church,FEMALE,ADULT 18-25 YEARS
OCU00_1016,Post-Medieval-Chelsea Old Church,FEMALE,ADULT >46 YEARS
OCU00_1018,Post-Medieval-Chelsea Old Church,MALE,ADULT 26-35 YEARS
OCU00_1021,Post-Medieval-Chelsea Old Church,MALE,ADULT >46 YEARS
OCU00_1023,Post-Medieval-Chelsea Old Church,FEMALE,ADULT 36-45 YEARS
OCU00_1071,Post-Medieval-Chelsea Old Church,MALE?,ADULT 36-45 YEARS
FAO90_1055.1,Post-Medieval-St. Brides Lower,MALE,UNCLASSIFIED ADULT
FAO90_1058,Post-Medieval-St. Brides Lower,MALE,ADULT 26-35 YEARS
FAO90_1116,Post-Medieval-St. Brides Lower,MALE,ADULT 36-45 YEARS
FAO90_1119,Post-Medieval-St. Brides Lower,FEMALE,ADULT >46 YEARS
FAO90_1123,Post-Medieval-St. Brides Lower,FEMALE,ADULT >46 YEARS
FAO90_1125,Post-Medieval-St. Brides Lower,MALE,ADULT >46 YEARS
FAO90_1126,Post-Medieval-St. Brides Lower,MALE?,ADULT 36-45 YEARS
FAO90_1151,Post-Medieval-St. Brides Lower,FEMALE,ADULT >46 YEARS
FAO90_1152,Post-Medieval-St. Brides Lower,FEMALE,ADULT >46 YEARS
FAO90_1155,Post-Medieval-St. Brides Lower,MALE,ADULT 36-45 YEARS
FAO90_1170,Post-Medieval-St. Brides Lower,MALE,ADULT >46 YEARS
FAO90_1172,Post-Medieval-St. Brides Lower,MALE?,UNCLASSIFIED ADULT
FAO90_1174,Post-Medieval-St. Brides Lower,FEMALE,ADULT >46 YEARS
FAO90_1183,Post-Medieval-St. Brides Lower,MALE,UNCLASSIFIED ADULT
FAO90_1184,Post-Medieval-St. Brides Lower,MALE,ADULT >46 YEARS
FAO90_1188,Post-Medieval-St. Brides Lower,FEMALE,UNCLASSIFIED ADULT
FAO90_1199,Post-Medieval-St. Brides Lower,FEMALE,ADULT 36-45 YEARS
FAO90_1203,Post-Medieval-St. Brides Lower,FEMALE,ADULT >46 YEARS
FAO90_1207,Post-Medieval-St. Brides Lower,FEMALE,ADULT 26-35 YEARS
FAO90_1209,Post-Medieval-St. Brides Lower,MALE?,ADULT 36-45 YEARS
FAO90_1215,Post-Medieval-St. Brides Lower,FEMALE?,ADULT 36-45 YEARS
FAO90_1221,Post-Medieval-St. Brides Lower,FEMALE,ADULT >46 YEARS
FAO90_1244.1,Post-Medieval-St. Brides Lower,MALE,UNCLASSIFIED ADULT
FAO90_1247,Post-Medieval-St. Brides Lower,MALE,ADULT 36-45 YEARS
FAO90_1251,Post-Medieval-St. Brides Lower,MALE,ADULT >46 YEARS
FAO90_1259,Post-Medieval-St. Brides Lower,MALE,UNCLASSIFIED ADULT
FAO90_1263,Post-Medieval-St. Brides Lower,UNDETERMINABLE,UNCLASSIFIED ADULT
FAO90_1269,Post-Medieval-St. Brides Lower,FEMALE,ADULT >46 YEARS
FAO90_1278,Post-Medieval-St. Brides Lower,FEMALE,ADULT 26-35 YEARS
FAO90_1288,Post-Medieval-St. Brides Lower,MALE,ADULT >46 YEARS
FAO90_1290,Post-Medieval-St. Brides Lower,MALE,ADULT 26-35 YEARS
FAO90_1291,Post-Medieval-St. Brides Lower,FEMALE,ADULT >46 YEARS
FAO90_1292,Post-Medieval-St. Brides Lower,MALE?,ADULT 36-45 YEARS
FAO90_1298,Post-Medieval-St. Brides Lower,MALE,ADULT 26-35 YEARS
FAO90_1312,Post-Medieval-St. Brides Lower,MALE,ADULT 36-45 YEARS
FAO90_1320,Post-Medieval-St. Brides Lower,MALE?,UNCLASSIFIED ADULT
FAO90_1326,Post-Medieval-St. Brides Lower,FEMALE,ADULT >46 YEARS
FAO90_1336,Post-Medieval-St. Brides Lower,FEMALE,ADULT 36-45 YEARS
FAO90_1338,Post-Medieval-St. Brides Lower,MALE,ADULT 36-45 YEARS
FAO90_1350,Post-Medieval-St. Brides Lower,MALE?,ADULT >46 YEARS
FAO90_1352,Post-Medieval-St. Brides Lower,FEMALE,ADULT >46 YEARS
FAO90_1355,Post-Medieval-St. Brides Lower,FEMALE,ADULT 26-35 YEARS
FAO90_1362,Post-Medieval-St. Brides Lower,MALE,UNCLASSIFIED ADULT
FAO90_1366,Post-Medieval-St. Brides Lower,FEMALE?,ADULT >46 YEARS
FAO90_1373,Post-Medieval-St. Brides Lower,FEMALE?,ADULT >46 YEARS
FAO90_1374,Post-Medieval-St. Brides Lower,MALE?,UNCLASSIFIED ADULT
FAO90_1376,Post-Medieval-St. Brides Lower,FEMALE,ADULT 26-35 YEARS
FAO90_1386,Post-Medieval-St. Brides Lower,FEMALE,ADULT 18-25 YEARS
FAO90_1390,Post-Medieval-St. Brides Lower,MALE,ADULT 36-45 YEARS
FAO90_1396,Post-Medieval-St. Brides Lower,MALE,UNCLASSIFIED ADULT
FAO90_1408,Post-Medieval-St. Brides Lower,MALE,ADULT >46 YEARS
FAO90_1409,Post-Medieval-St. Brides Lower,FEMALE,ADULT >46 YEARS
FAO90_1420,Post-Medieval-St. Brides Lower,MALE,ADULT 36-45 YEARS
FAO90_1422,Post-Medieval-St. Brides Lower,FEMALE,ADULT 36-45 YEARS
FAO90_1426,Post-Medieval-St. Brides Lower,INTERMEDIATE,UNCLASSIFIED ADULT
FAO90_1428,Post-Medieval-St. Brides Lower,FEMALE?,ADULT 36-45 YEARS
FAO90_1441.1,Post-Medieval-St. Brides Lower,MALE,UNCLASSIFIED ADULT
FAO90_1449,Post-Medieval-St. Brides Lower,MALE,ADULT 36-45 YEARS
FAO90_1454,Post-Medieval-St. Brides Lower,MALE,ADULT 36-45 YEARS
FAO90_1456,Post-Medieval-St. Brides Lower,MALE,ADULT 26-35 YEARS
FAO90_1474,Post-Medieval-St. Brides Lower,FEMALE?,ADULT 36-45 YEARS
FAO90_1483,Post-Medieval-St. Brides Lower,MALE,ADULT >46 YEARS
FAO90_1495,Post-Medieval-St. Brides Lower,FEMALE,ADULT >46 YEARS
FAO90_1500,Post-Medieval-St. Brides Lower,MALE,ADULT >46 YEARS
FAO90_1503,Post-Medieval-St. Brides Lower,MALE,ADULT >46 YEARS
FAO90_1505,Post-Medieval-St. Brides Lower,INTERMEDIATE,UNCLASSIFIED ADULT
FAO90_1515,Post-Medieval-St. Brides Lower,MALE,ADULT >46 YEARS
FAO90_1519,Post-Medieval-St. Brides Lower,FEMALE,ADULT 26-35 YEARS
FAO90_1521,Post-Medieval-St. Brides Lower,MALE,ADULT >46 YEARS
FAO90_1526,Post-Medieval-St. Brides Lower,MALE,ADULT 26-35 YEARS
FAO90_1546,Post-Medieval-St. Brides Lower,MALE,ADULT 36-45 YEARS
FAO90_1547,Post-Medieval-St. Brides Lower,FEMALE?,ADULT >46 YEARS
FAO90_1558,Post-Medieval-St. Brides Lower,MALE,ADULT 36-45 YEARS
FAO90_1563,Post-Medieval-St. Brides Lower,MALE,ADULT 36-45 YEARS
FAO90_1564,Post-Medieval-St. Brides Lower,INTERMEDIATE,ADULT 26-35 YEARS
FAO90_1578,Post-Medieval-St. Brides Lower,MALE,ADULT 36-45 YEARS
FAO90_1586,Post-Medieval-St. Brides Lower,FEMALE,ADULT 26-35 YEARS
FAO90_1589,Post-Medieval-St. Brides Lower,MALE,ADULT >46 YEARS
FAO90_1591,Post-Medieval-St. Brides Lower,MALE,ADULT 36-45 YEARS
FAO90_1608,Post-Medieval-St. Brides Lower,MALE,ADULT >46 YEARS
FAO90_1610,Post-Medieval-St. Brides Lower,FEMALE,ADULT >46 YEARS
FAO90_1611,Post-Medieval-St. Brides Lower,FEMALE,ADULT 26-35 YEARS
FAO90_1617,Post-Medieval-St. Brides Lower,MALE,ADULT 18-25 YEARS
FAO90_1621,Post-Medieval-St. Brides Lower,MALE?,ADULT >46 YEARS
FAO90_1635,Post-Medieval-St. Brides Lower,MALE,ADULT >46 YEARS
FAO90_1637,Post-Medieval-St. Brides Lower,FEMALE,ADULT >46 YEARS
FAO90_1641,Post-Medieval-St. Brides Lower,FEMALE,ADULT 36-45 YEARS
FAO90_1649,Post-Medieval-St. Brides Lower,FEMALE?,ADULT 36-45 YEARS
FAO90_1651,Post-Medieval-St. Brides Lower,MALE,ADULT >46 YEARS
FAO90_1653,Post-Medieval-St. Brides Lower,FEMALE,ADULT 26-35 YEARS
FAO90_1655,Post-Medieval-St. Brides Lower,INTERMEDIATE,ADULT 36-45 YEARS
FAO90_1669,Post-Medieval-St. Brides Lower,MALE?,ADULT >46 YEARS
FAO90_1673,Post-Medieval-St. Brides Lower,MALE,ADULT 36-45 YEARS
FAO90_1675,Post-Medieval-St. Brides Lower,UNDETERMINABLE,UNCLASSIFIED ADULT
FAO90_1683,Post-Medieval-St. Brides Lower,MALE,ADULT 26-35 YEARS
FAO90_1691,Post-Medieval-St. Brides Lower,FEMALE,ADULT >46 YEARS
FAO90_1703,Post-Medieval-St. Brides Lower,FEMALE,ADULT 36-45 YEARS
FAO90_1709,Post-Medieval-St. Brides Lower,FEMALE?,ADULT >46 YEARS
FAO90_1711,Post-Medieval-St. Brides Lower,FEMALE?,ADULT 36-45 YEARS
FAO90_1716,Post-Medieval-St. Brides Lower,INTERMEDIATE,ADULT >46 YEARS
FAO90_1719,Post-Medieval-St. Brides Lower,MALE?,ADULT >46 YEARS
FAO90_1727,Post-Medieval-St. Brides Lower,MALE,ADULT 36-45 YEARS
FAO90_1739,Post-Medieval-St. Brides Lower,MALE,ADULT >46 YEARS
FAO90_1741,Post-Medieval-St. Brides Lower,FEMALE,ADULT >46 YEARS
FAO90_1743,Post-Medieval-St. Brides Lower,MALE,ADULT 36-45 YEARS
FAO90_1751,Post-Medieval-St. Brides Lower,MALE,ADULT 36-45 YEARS
FAO90_1755,Post-Medieval-St. Brides Lower,FEMALE,ADULT 26-35 YEARS
FAO90_1757,Post-Medieval-St. Brides Lower,FEMALE,ADULT >46 YEARS
FAO90_1761,Post-Medieval-St. Brides Lower,MALE,UNCLASSIFIED ADULT
FAO90_1763,Post-Medieval-St. Brides Lower,MALE,ADULT >46 YEARS
FAO90_1767,Post-Medieval-St. Brides Lower,MALE,ADULT 18-25 YEARS
FAO90_1771,Post-Medieval-St. Brides Lower,INTERMEDIATE,ADULT >46 YEARS
FAO90_1779,Post-Medieval-St. Brides Lower,MALE?,ADULT >46 YEARS
FAO90_1783,Post-Medieval-St. Brides Lower,MALE,ADULT >46 YEARS
FAO90_1785,Post-Medieval-St. Brides Lower,MALE,ADULT >46 YEARS
FAO90_1787,Post-Medieval-St. Brides Lower,FEMALE?,ADULT 26-35 YEARS
FAO90_1793,Post-Medieval-St. Brides Lower,FEMALE,ADULT 36-45 YEARS
FAO90_1797,Post-Medieval-St. Brides Lower,MALE,ADULT >46 YEARS
FAO90_1799,Post-Medieval-St. Brides Lower,FEMALE,ADULT 36-45 YEARS
FAO90_1805,Post-Medieval-St. Brides Lower,FEMALE,ADULT >46 YEARS
FAO90_1809,Post-Medieval-St. Brides Lower,FEMALE,ADULT 36-45 YEARS
FAO90_1819,Post-Medieval-St. Brides Lower,MALE,ADULT 18-25 YEARS
FAO90_1825,Post-Medieval-St. Brides Lower,MALE,ADULT 36-45 YEARS
FAO90_1827,Post-Medieval-St. Brides Lower,MALE,ADULT >46 YEARS
FAO90_1845,Post-Medieval-St. Brides Lower,MALE,ADULT 26-35 YEARS
FAO90_1855,Post-Medieval-St. Brides Lower,MALE,UNCLASSIFIED ADULT
FAO90_1860,Post-Medieval-St. Brides Lower,MALE,ADULT 26-35 YEARS
FAO90_1862,Post-Medieval-St. Brides Lower,MALE,ADULT >46 YEARS
FAO90_1868,Post-Medieval-St. Brides Lower,MALE,ADULT >46 YEARS
FAO90_1872,Post-Medieval-St. Brides Lower,MALE,ADULT 36-45 YEARS
FAO90_1874,Post-Medieval-St. Brides Lower,FEMALE,ADULT >46 YEARS
FAO90_1879,Post-Medieval-St. Brides Lower,MALE,ADULT 36-45 YEARS
FAO90_1881,Post-Medieval-St. Brides Lower,MALE,ADULT 36-45 YEARS
FAO90_1883,Post-Medieval-St. Brides Lower,MALE,ADULT >46 YEARS
FAO90_1885,Post-Medieval-St. Brides Lower,MALE,ADULT 36-45 YEARS
FAO90_1887,Post-Medieval-St. Brides Lower,FEMALE,ADULT >46 YEARS
FAO90_1893,Post-Medieval-St. Brides Lower,FEMALE,ADULT 18-25 YEARS
FAO90_1895,Post-Medieval-St. Brides Lower,FEMALE,ADULT >46 YEARS
FAO90_1899,Post-Medieval-St. Brides Lower,FEMALE,ADULT 36-45 YEARS
FAO90_1905,Post-Medieval-St. Brides Lower,MALE,ADULT >46 YEARS
FAO90_1913,Post-Medieval-St. Brides Lower,FEMALE,ADULT >46 YEARS
FAO90_1919,Post-Medieval-St. Brides Lower,INTERMEDIATE,ADULT >46 YEARS
FAO90_1925,Post-Medieval-St. Brides Lower,MALE,ADULT 26-35 YEARS
FAO90_1932,Post-Medieval-St. Brides Lower,MALE,ADULT 36-45 YEARS
FAO90_1934,Post-Medieval-St. Brides Lower,FEMALE,ADULT 26-35 YEARS
FAO90_1936,Post-Medieval-St. Brides Lower,FEMALE?,UNCLASSIFIED ADULT
FAO90_1938,Post-Medieval-St. Brides Lower,MALE,ADULT 18-25 YEARS
FAO90_1946,Post-Medieval-St. Brides Lower,FEMALE,ADULT 36-45 YEARS
FAO90_1957,Post-Medieval-St. Brides Lower,MALE,ADULT 36-45 YEARS
FAO90_1959,Post-Medieval-St. Brides Lower,MALE,ADULT >46 YEARS
FAO90_1961,Post-Medieval-St. Brides Lower,MALE,UNCLASSIFIED ADULT
FAO90_1965,Post-Medieval-St. Brides Lower,INTERMEDIATE,UNCLASSIFIED ADULT
FAO90_1967,Post-Medieval-St. Brides Lower,MALE,ADULT 36-45 YEARS
FAO90_1970,Post-Medieval-St. Brides Lower,MALE?,UNCLASSIFIED ADULT
FAO90_1972,Post-Medieval-St. Brides Lower,MALE,ADULT 36-45 YEARS
FAO90_1991,Post-Medieval-St. Brides Lower,MALE,ADULT >46 YEARS
FAO90_1995,Post-Medieval-St. Brides Lower,FEMALE,ADULT 18-25 YEARS
FAO90_1999,Post-Medieval-St. Brides Lower,MALE,ADULT 26-35 YEARS
FAO90_2001,Post-Medieval-St. Brides Lower,MALE,ADULT >46 YEARS
FAO90_2011,Post-Medieval-St. Brides Lower,MALE,ADULT >46 YEARS
FAO90_2015,Post-Medieval-St. Brides Lower,MALE,ADULT 36-45 YEARS
FAO90_2023,Post-Medieval-St. Brides Lower,MALE,ADULT >46 YEARS
FAO90_2035,Post-Medieval-St. Brides Lower,MALE,UNCLASSIFIED ADULT
FAO90_2037,Post-Medieval-St. Brides Lower,MALE,ADULT 36-45 YEARS
FAO90_2043,Post-Medieval-St. Brides Lower,MALE,ADULT 36-45 YEARS
FAO90_2049,Post-Medieval-St. Brides Lower,FEMALE,ADULT 36-45 YEARS
FAO90_2053,Post-Medieval-St. Brides Lower,MALE?,ADULT >46 YEARS
FAO90_2055,Post-Medieval-St. Brides Lower,FEMALE,ADULT >46 YEARS
FAO90_2058,Post-Medieval-St. Brides Lower,MALE,ADULT 26-35 YEARS
FAO90_2059,Post-Medieval-St. Brides Lower,MALE?,UNCLASSIFIED ADULT
FAO90_2061,Post-Medieval-St. Brides Lower,MALE,ADULT 36-45 YEARS
FAO90_2063,Post-Medieval-St. Brides Lower,UNDETERMINABLE,UNCLASSIFIED ADULT
FAO90_2065,Post-Medieval-St. Brides Lower,FEMALE?,ADULT >46 YEARS
FAO90_2071,Post-Medieval-St. Brides Lower,FEMALE?,ADULT 26-35 YEARS
FAO90_2073,Post-Medieval-St. Brides Lower,FEMALE,ADULT >46 YEARS
FAO90_2075,Post-Medieval-St. Brides Lower,MALE,ADULT >46 YEARS
FAO90_2077,Post-Medieval-St. Brides Lower,MALE,ADULT >46 YEARS
FAO90_2081,Post-Medieval-St. Brides Lower,MALE,ADULT 36-45 YEARS
FAO90_2085,Post-Medieval-St. Brides Lower,FEMALE,ADULT 36-45 YEARS
FAO90_2105,Post-Medieval-St. Brides Lower,FEMALE,ADULT >46 YEARS
FAO90_2107,Post-Medieval-St. Brides Lower,MALE,ADULT 18-25 YEARS
FAO90_2109,Post-Medieval-St. Brides Lower,MALE,ADULT >46 YEARS
FAO90_2111,Post-Medieval-St. Brides Lower,MALE,ADULT >46 YEARS
FAO90_2116,Post-Medieval-St. Brides Lower,FEMALE,ADULT >46 YEARS
FAO90_2120,Post-Medieval-St. Brides Lower,MALE,ADULT >46 YEARS
FAO90_2124,Post-Medieval-St. Brides Lower,MALE,ADULT 26-35 YEARS
FAO90_2126,Post-Medieval-St. Brides Lower,MALE,ADULT >46 YEARS
FAO90_2130,Post-Medieval-St. Brides Lower,MALE?,ADULT >46 YEARS
FAO90_2132,Post-Medieval-St. Brides Lower,FEMALE,ADULT >46 YEARS
FAO90_2134,Post-Medieval-St. Brides Lower,FEMALE,ADULT 26-35 YEARS
FAO90_2138,Post-Medieval-St. Brides Lower,MALE,ADULT >46 YEARS
FAO90_2142,Post-Medieval-St. Brides Lower,MALE,ADULT >46 YEARS
FAO90_2144,Post-Medieval-St. Brides Lower,FEMALE,ADULT 26-35 YEARS
FAO90_2148,Post-Medieval-St. Brides Lower,MALE,ADULT 36-45 YEARS
FAO90_2150,Post-Medieval-St. Brides Lower,MALE,UNCLASSIFIED ADULT
FAO90_2156,Post-Medieval-St. Brides Lower,INTERMEDIATE,ADULT >46 YEARS
FAO90_2158,Post-Medieval-St. Brides Lower,FEMALE,ADULT >46 YEARS
FAO90_2161,Post-Medieval-St. Brides Lower,FEMALE,ADULT 26-35 YEARS
FAO90_2164,Post-Medieval-St. Brides Lower,MALE,ADULT 36-45 YEARS
FAO90_2165,Post-Medieval-St. Brides Lower,MALE,ADULT 26-35 YEARS
FAO90_2171,Post-Medieval-St. Brides Lower,FEMALE,ADULT 26-35 YEARS
FAO90_2175,Post-Medieval-St. Brides Lower,UNDETERMINABLE,ADULT >46 YEARS
FAO90_2185,Post-Medieval-St. Brides Lower,INTERMEDIATE,UNCLASSIFIED ADULT
FAO90_2189,Post-Medieval-St. Brides Lower,MALE,ADULT >46 YEARS
FAO90_2191,Post-Medieval-St. Brides Lower,MALE?,ADULT >46 YEARS
FAO90_2193,Post-Medieval-St. Brides Lower,MALE,ADULT >46 YEARS
FAO90_2195,Post-Medieval-St. Brides Lower,MALE,ADULT >46 YEARS
FAO90_2199,Post-Medieval-St. Brides Lower,FEMALE,ADULT 26-35 YEARS
FAO90_2201,Post-Medieval-St. Brides Lower,FEMALE?,UNCLASSIFIED ADULT
FAO90_2203,Post-Medieval-St. Brides Lower,MALE,ADULT 36-45 YEARS
FAO90_2205,Post-Medieval-St. Brides Lower,MALE,ADULT >46 YEARS
FAO90_2207,Post-Medieval-St. Brides Lower,MALE,ADULT >46 YEARS
FAO90_2214,Post-Medieval-St. Brides Lower,FEMALE,ADULT >46 YEARS
FAO90_2220,Post-Medieval-St. Brides Lower,MALE,ADULT >46 YEARS
FAO90_2223,Post-Medieval-St. Brides Lower,FEMALE,ADULT 26-35 YEARS
FAO90_2233,Post-Medieval-St. Brides Lower,FEMALE,ADULT >46 YEARS
FAO90_2236,Post-Medieval-St. Brides Lower,MALE,ADULT 26-35 YEARS
FAO90_2237,Post-Medieval-St. Brides Lower,FEMALE,ADULT 36-45 YEARS
FAO90_2249,Post-Medieval-St. Brides Lower,FEMALE?,UNCLASSIFIED ADULT
FAO90_2251,Post-Medieval-St. Brides Lower,MALE,ADULT >46 YEARS
FAO90_2253,Post-Medieval-St. Brides Lower,MALE,ADULT >46 YEARS
FAO90_2255,Post-Medieval-St. Brides Lower,FEMALE,ADULT 36-45 YEARS
FAO90_2263,Post-Medieval-St. Brides Lower,MALE,ADULT 36-45 YEARS
FAO90_2272,Post-Medieval-St. Brides Lower,MALE,ADULT 36-45 YEARS
FAO90_2274,Post-Medieval-St. Brides Lower,MALE,ADULT >46 YEARS
FAO90_2276,Post-Medieval-St. Brides Lower,INTERMEDIATE,ADULT >46 YEARS
FAO90_2284.1,Post-Medieval-St. Brides Lower,MALE?,ADULT 36-45 YEARS
FAO90_2288,Post-Medieval-St. Brides Lower,INTERMEDIATE,UNCLASSIFIED ADULT
FAO90_2296,Post-Medieval-St. Brides Lower,MALE,ADULT >46 YEARS
FAO90_2298,Post-Medieval-St. Brides Lower,FEMALE,ADULT >46 YEARS
FAO90_2300.1,Post-Medieval-St. Brides Lower,MALE,UNCLASSIFIED ADULT
FAO90_2300.2,Post-Medieval-St. Brides Lower,MALE?,UNCLASSIFIED ADULT
FAO90_2302,Post-Medieval-St. Brides Lower,MALE?,ADULT 26-35 YEARS
FAO90_2313,Post-Medieval-St. Brides Lower,MALE,ADULT >46 YEARS
FAO90_2314,Post-Medieval-St. Brides Lower,MALE,ADULT 36-45 YEARS
FAO90_2340,Post-Medieval-St. Brides Lower,MALE,ADULT 36-45 YEARS
FAO90_2342,Post-Medieval-St. Brides Lower,MALE,ADULT >46 YEARS
FAO90_2353,Post-Medieval-St. Brides Lower,FEMALE,ADULT 36-45 YEARS
FAO90_2366,Post-Medieval-St. Brides Lower,MALE,ADULT 36-45 YEARS
FAO90_2383,Post-Medieval-St. Brides Lower,FEMALE,ADULT 36-45 YEARS
ONE94_12,Post-Medieval-St. Benet sherehog,FEMALE,ADULT 36-45 YEARS
ONE94_13,Post-Medieval-St. Benet sherehog,FEMALE?,ADULT >46 YEARS
ONE94_14,Post-Medieval-St. Benet sherehog,MALE,ADULT 36-45 YEARS
ONE94_15,Post-Medieval-St. Benet sherehog,MALE,ADULT 26-35 YEARS
ONE94_18,Post-Medieval-St. Benet sherehog,FEMALE,ADULT >46 YEARS
ONE94_19,Post-Medieval-St. Benet sherehog,FEMALE,ADULT >46 YEARS
ONE94_23,Post-Medieval-St. Benet sherehog,MALE,ADULT >46 YEARS
ONE94_24,Post-Medieval-St. Benet sherehog,FEMALE,ADULT 26-35 YEARS
ONE94_27,Post-Medieval-St. Benet sherehog,MALE?,ADULT 36-45 YEARS
ONE94_35,Post-Medieval-St. Benet sherehog,MALE?,ADULT 36-45 YEARS
ONE94_38,Post-Medieval-St. Benet sherehog,MALE,ADULT 18-25 YEARS
ONE94_52,Post-Medieval-St. Benet sherehog,MALE,ADULT 26-35 YEARS
ONE94_54,Post-Medieval-St. Benet sherehog,MALE,ADULT 36-45 YEARS
ONE94_66,Post-Medieval-St. Benet sherehog,FEMALE,ADULT 26-35 YEARS
ONE94_78,Post-Medieval-St. Benet sherehog,FEMALE,ADULT 36-45 YEARS
ONE94_85,Post-Medieval-St. Benet sherehog,FEMALE,ADULT 36-45 YEARS
ONE94_88,Post-Medieval-St. Benet sherehog,MALE,ADULT >46 YEARS
ONE94_90,Post-Medieval-St. Benet sherehog,MALE?,ADULT 26-35 YEARS
ONE94_93,Post-Medieval-St. Benet sherehog,MALE,ADULT >46 YEARS
ONE94_118,Post-Medieval-St. Benet sherehog,MALE,ADULT 36-45 YEARS
ONE94_134,Post-Medieval-St. Benet sherehog,MALE,ADULT 36-45 YEARS
ONE94_142,Post-Medieval-St. Benet sherehog,MALE,ADULT >46 YEARS
ONE94_149,Post-Medieval-St. Benet sherehog,MALE,ADULT 36-45 YEARS
ONE94_152,Post-Medieval-St. Benet sherehog,FEMALE,ADULT 36-45 YEARS
ONE94_160,Post-Medieval-St. Benet sherehog,FEMALE,ADULT 26-35 YEARS
ONE94_173,Post-Medieval-St. Benet sherehog,FEMALE,ADULT >46 YEARS
ONE94_176,Post-Medieval-St. Benet sherehog,MALE,ADULT >46 YEARS
ONE94_181,Post-Medieval-St. Benet sherehog,INTERMEDIATE,ADULT 26-35 YEARS
ONE94_185,Post-Medieval-St. Benet sherehog,MALE?,ADULT 36-45 YEARS
ONE94_188,Post-Medieval-St. Benet sherehog,MALE,UNCLASSIFIED ADULT
ONE94_210,Post-Medieval-St. Benet sherehog,MALE,ADULT 26-35 YEARS
ONE94_220,Post-Medieval-St. Benet sherehog,MALE,UNCLASSIFIED ADULT
ONE94_223,Post-Medieval-St. Benet sherehog,FEMALE,ADULT 26-35 YEARS
ONE94_227,Post-Medieval-St. Benet sherehog,MALE?,ADULT 36-45 YEARS
ONE94_237,Post-Medieval-St. Benet sherehog,MALE,ADULT 36-45 YEARS
ONE94_241,Post-Medieval-St. Benet sherehog,FEMALE,ADULT 26-35 YEARS
ONE94_248,Post-Medieval-St. Benet sherehog,MALE?,UNCLASSIFIED ADULT
ONE94_265,Post-Medieval-St. Benet sherehog,MALE,ADULT 36-45 YEARS
ONE94_276,Post-Medieval-St. Benet sherehog,FEMALE,ADULT 26-35 YEARS
ONE94_280,Post-Medieval-St. Benet sherehog,MALE,ADULT 18-25 YEARS
ONE94_306,Post-Medieval-St. Benet sherehog,MALE,ADULT 36-45 YEARS
ONE94_317,Post-Medieval-St. Benet sherehog,MALE,ADULT 26-35 YEARS
ONE94_333,Post-Medieval-St. Benet sherehog,FEMALE,ADULT 36-45 YEARS
ONE94_341,Post-Medieval-St. Benet sherehog,MALE,ADULT 26-35 YEARS
ONE94_347,Post-Medieval-St. Benet sherehog,FEMALE,ADULT 26-35 YEARS
ONE94_350,Post-Medieval-St. Benet sherehog,FEMALE?,ADULT 36-45 YEARS
ONE94_353,Post-Medieval-St. Benet sherehog,FEMALE,ADULT 36-45 YEARS
ONE94_356,Post-Medieval-St. Benet sherehog,MALE,ADULT 36-45 YEARS
ONE94_358,Post-Medieval-St. Benet sherehog,MALE,ADULT 26-35 YEARS
ONE94_364,Post-Medieval-St. Benet sherehog,MALE,ADULT 36-45 YEARS
ONE94_377,Post-Medieval-St. Benet sherehog,MALE,ADULT >46 YEARS
ONE94_379,Post-Medieval-St. Benet sherehog,FEMALE,ADULT 26-35 YEARS
ONE94_390,Post-Medieval-St. Benet sherehog,MALE,ADULT 36-45 YEARS
ONE94_396,Post-Medieval-St. Benet sherehog,MALE,ADULT >46 YEARS
ONE94_421,Post-Medieval-St. Benet sherehog,MALE,ADULT 26-35 YEARS
ONE94_433,Post-Medieval-St. Benet sherehog,FEMALE,ADULT >46 YEARS
ONE94_440,Post-Medieval-St. Benet sherehog,MALE,ADULT >46 YEARS
ONE94_443,Post-Medieval-St. Benet sherehog,MALE,ADULT 26-35 YEARS
ONE94_447,Post-Medieval-St. Benet sherehog,MALE,ADULT 36-45 YEARS
ONE94_457,Post-Medieval-St. Benet sherehog,FEMALE,ADULT 36-45 YEARS
ONE94_508,Post-Medieval-St. Benet sherehog,MALE,ADULT 36-45 YEARS
ONE94_516,Post-Medieval-St. Benet sherehog,MALE,ADULT >46 YEARS
ONE94_519,Post-Medieval-St. Benet sherehog,MALE,ADULT 26-35 YEARS
ONE94_526,Post-Medieval-St. Benet sherehog,MALE?,ADULT 36-45 YEARS
ONE94_533,Post-Medieval-St. Benet sherehog,MALE,ADULT >46 YEARS
ONE94_544,Post-Medieval-St. Benet sherehog,MALE,ADULT 36-45 YEARS
ONE94_557,Post-Medieval-St. Benet sherehog,MALE,ADULT 36-45 YEARS
ONE94_564,Post-Medieval-St. Benet sherehog,FEMALE,ADULT 36-45 YEARS
ONE94_583,Post-Medieval-St. Benet sherehog,FEMALE,ADULT 18-25 YEARS
ONE94_594,Post-Medieval-St. Benet sherehog,MALE,ADULT 36-45 YEARS
ONE94_598,Post-Medieval-St. Benet sherehog,MALE,ADULT 26-35 YEARS
ONE94_601,Post-Medieval-St. Benet sherehog,MALE,ADULT >46 YEARS
ONE94_621,Post-Medieval-St. Benet sherehog,FEMALE,ADULT 18-25 YEARS
ONE94_624,Post-Medieval-St. Benet sherehog,MALE,ADULT 36-45 YEARS
ONE94_629,Post-Medieval-St. Benet sherehog,MALE,ADULT 18-25 YEARS
ONE94_635,Post-Medieval-St. Benet sherehog,FEMALE,ADULT 26-35 YEARS
ONE94_641,Post-Medieval-St. Benet sherehog,UNDETERMINABLE,UNCLASSIFIED ADULT
ONE94_642,Post-Medieval-St. Benet sherehog,MALE?,ADULT 36-45 YEARS
ONE94_657,Post-Medieval-St. Benet sherehog,FEMALE,ADULT 18-25 YEARS
ONE94_676,Post-Medieval-St. Benet sherehog,MALE,ADULT 36-45 YEARS
ONE94_684,Post-Medieval-St. Benet sherehog,MALE,ADULT 36-45 YEARS
ONE94_691,Post-Medieval-St. Benet sherehog,FEMALE?,ADULT 26-35 YEARS
ONE94_712,Post-Medieval-St. Benet sherehog,FEMALE,ADULT 36-45 YEARS
ONE94_719,Post-Medieval-St. Benet sherehog,FEMALE?,ADULT 26-35 YEARS
ONE94_728,Post-Medieval-St. Benet sherehog,FEMALE?,ADULT 26-35 YEARS
ONE94_754,Post-Medieval-St. Benet sherehog,MALE,ADULT 36-45 YEARS
ONE94_769,Post-Medieval-St. Benet sherehog,FEMALE?,ADULT >46 YEARS
ONE94_782,Post-Medieval-St. Benet sherehog,FEMALE,ADULT >46 YEARS
ONE94_884,Post-Medieval-St. Benet sherehog,FEMALE,ADULT >46 YEARS
ONE94_894,Post-Medieval-St. Benet sherehog,MALE,ADULT 36-45 YEARS
ONE94_929,Post-Medieval-St. Benet sherehog,MALE?,ADULT 26-35 YEARS
NLB91_1,Post-Medieval-St. Thomas Hospital,FEMALE,ADULT >46 YEARS
NLB91_2,Post-Medieval-St. Thomas Hospital,MALE,ADULT >46 YEARS
NLB91_6,Post-Medieval-St. Thomas Hospital,MALE?,ADULT 26-35 YEARS
NLB91_11,Post-Medieval-St. Thomas Hospital,FEMALE,ADULT 36-45 YEARS
NLB91_12,Post-Medieval-St. Thomas Hospital,MALE?,ADULT 36-45 YEARS
NLB91_15,Post-Medieval-St. Thomas Hospital,MALE,ADULT >46 YEARS
NLB91_18,Post-Medieval-St. Thomas Hospital,MALE?,ADULT 18-25 YEARS
NLB91_19,Post-Medieval-St. Thomas Hospital,MALE,UNCLASSIFIED ADULT
NLB91_21,Post-Medieval-St. Thomas Hospital,MALE,ADULT 18-25 YEARS
NLB91_24,Post-Medieval-St. Thomas Hospital,INTERMEDIATE,UNCLASSIFIED ADULT
NLB91_30,Post-Medieval-St. Thomas Hospital,MALE?,ADULT 36-45 YEARS
NLB91_31,Post-Medieval-St. Thomas Hospital,FEMALE,ADULT 36-45 YEARS
NLB91_37,Post-Medieval-St. Thomas Hospital,MALE,ADULT 26-35 YEARS
NLB91_41,Post-Medieval-St. Thomas Hospital,UNDETERMINABLE,UNCLASSIFIED ADULT
NLB91_42,Post-Medieval-St. Thomas Hospital,MALE,ADULT >46 YEARS
NLB91_45,Post-Medieval-St. Thomas Hospital,MALE?,UNCLASSIFIED ADULT
NLB91_49,Post-Medieval-St. Thomas Hospital,FEMALE,ADULT 26-35 YEARS
NLB91_50,Post-Medieval-St. Thomas Hospital,MALE,ADULT 36-45 YEARS
NLB91_56,Post-Medieval-St. Thomas Hospital,FEMALE,ADULT 18-25 YEARS
NLB91_60,Post-Medieval-St. Thomas Hospital,FEMALE,ADULT 18-25 YEARS
NLB91_63,Post-Medieval-St. Thomas Hospital,MALE,ADULT 36-45 YEARS
NLB91_66,Post-Medieval-St. Thomas Hospital,FEMALE,ADULT 26-35 YEARS
NLB91_67,Post-Medieval-St. Thomas Hospital,FEMALE?,ADULT 36-45 YEARS
NLB91_70,Post-Medieval-St. Thomas Hospital,MALE,ADULT 36-45 YEARS
NLB91_73,Post-Medieval-St. Thomas Hospital,FEMALE,ADULT 26-35 YEARS
NLB91_76,Post-Medieval-St. Thomas Hospital,MALE,ADULT 36-45 YEARS
NLB91_79,Post-Medieval-St. Thomas Hospital,MALE,ADULT 26-35 YEARS
NLB91_82,Post-Medieval-St. Thomas Hospital,INTERMEDIATE,ADULT 18-25 YEARS
NLB91_83,Post-Medieval-St. Thomas Hospital,MALE,ADULT 36-45 YEARS
NLB91_84,Post-Medieval-St. Thomas Hospital,MALE?,ADULT 26-35 YEARS
NLB91_100,Post-Medieval-St. Thomas Hospital,FEMALE,ADULT 36-45 YEARS
NLB91_103,Post-Medieval-St. Thomas Hospital,FEMALE?,ADULT 26-35 YEARS
NLB91_104,Post-Medieval-St. Thomas Hospital,FEMALE,ADULT >46 YEARS
NLB91_107,Post-Medieval-St. Thomas Hospital,FEMALE?,UNCLASSIFIED ADULT
NLB91_109,Post-Medieval-St. Thomas Hospital,MALE,ADULT 26-35 YEARS
NLB91_111,Post-Medieval-St. Thomas Hospital,MALE,ADULT 36-45 YEARS
NLB91_119,Post-Medieval-St. Thomas Hospital,MALE?,ADULT 36-45 YEARS
NLB91_131,Post-Medieval-St. Thomas Hospital,FEMALE,ADULT 18-25 YEARS
NLB91_132,Post-Medieval-St. Thomas Hospital,INTERMEDIATE,ADULT >46 YEARS
NLB91_137,Post-Medieval-St. Thomas Hospital,INTERMEDIATE,ADULT 36-45 YEARS
NLB91_140,Post-Medieval-St. Thomas Hospital,FEMALE,ADULT 18-25 YEARS
NLB91_141,Post-Medieval-St. Thomas Hospital,MALE,ADULT >46 YEARS
NLB91_146,Post-Medieval-St. Thomas Hospital,FEMALE?,ADULT 18-25 YEARS
NLB91_148,Post-Medieval-St. Thomas Hospital,UNDETERMINABLE,ADULT 26-35 YEARS
NLB91_149,Post-Medieval-St. Thomas Hospital,FEMALE?,ADULT >46 YEARS
NLB91_151,Post-Medieval-St. Thomas Hospital,FEMALE,ADULT 18-25 YEARS
NLB91_156,Post-Medieval-St. Thomas Hospital,MALE?,ADULT 18-25 YEARS
NLB91_160,Post-Medieval-St. Thomas Hospital,INTERMEDIATE,ADULT 18-25 YEARS
NLB91_169,Post-Medieval-St. Thomas Hospital,FEMALE,ADULT 36-45 YEARS
NLB91_170,Post-Medieval-St. Thomas Hospital,FEMALE,ADULT 18-25 YEARS
NLB91_172,Post-Medieval-St. Thomas Hospital,INTERMEDIATE,ADULT >46 YEARS
NLB91_176,Post-Medieval-St. Thomas Hospital,MALE,ADULT 18-25 YEARS
NLB91_179,Post-Medieval-St. Thomas Hospital,MALE,ADULT >46 YEARS
NLB91_187,Post-Medieval-St. Thomas Hospital,MALE,ADULT 36-45 YEARS
NLB91_188,Post-Medieval-St. Thomas Hospital,FEMALE,ADULT 26-35 YEARS
NLB91_194,Post-Medieval-St. Thomas Hospital,MALE?,ADULT 26-35 YEARS
NLB91_197,Post-Medieval-St. Thomas Hospital,MALE?,UNCLASSIFIED ADULT
NLB91_204,Post-Medieval-St. Thomas Hospital,MALE,ADULT 36-45 YEARS
NLB91_205,Post-Medieval-St. Thomas Hospital,FEMALE,ADULT 18-25 YEARS
NLB91_216,Post-Medieval-St. Thomas Hospital,MALE,ADULT >46 YEARS
NLB91_218,Post-Medieval-St. Thomas Hospital,MALE,ADULT 18-25 YEARS
NLB91_233,Post-Medieval-St. Thomas Hospital,MALE,ADULT 36-45 YEARS
NLB91_242,Post-Medieval-St. Thomas Hospital,MALE?,ADULT 18-25 YEARS
